Date,Region,Product,Quantity,UnitPrice,StoreLocation,CustomerType,Discount,Salesperson,TotalPrice,PaymentMethod,Promotion,Returned,OrderID,CustomerName,ShippingCost,OrderDate,DeliveryDate,RegionManager,DeliveryDays,On_time_delivery,LateDelivery
2024-12-19,South,Phone,1,544.01,Store A,Retail,0.0,Alice,544.01,Gift Card,SAVE10,0,REG100001,Cust 2144,5.3,2024-12-19,2024-12-28,Sophie,9,False,True
2023-05-10,North,Desk,14,346.18,Store B,Wholesale,0.1,Alice,4361.868,Online,WINTER15,0,REG100002,Cust 5998,20.46,2023-05-10,2023-05-19,Ryan,9,False,True
2024-02-20,Central,Monitor,2,385.09,Store D,Wholesale,0.15,Diana,654.6529999999999,Credit Card,,0,REG100005,Cust 3909,11.92,2024-02-20,2024-03-01,Cameron,10,False,True
2025-03-05,West,Desk,5,323.28,Store D,Retail,0.1,Frank,1454.76,Gift Card,SAVE10,0,REG100009,Cust 3732,41.1,2025-03-05,2025-03-13,Wendy,8,False,True
2024-04-10,North,Desk,15,523.29,Store B,Wholesale,0.15,Eva,6671.947499999999,Debit Card,,0,REG100010,Cust 1462,12.14,2024-04-10,2024-04-17,Ryan,7,False,True
2023-07-21,Central,Phone,1,120.53,Store B,Retail,0.05,Diana,114.5035,Cash,WINTER15,0,REG100012,Cust 2372,20.35,2023-07-21,2023-07-31,Cameron,10,False,True
2024-12-08,North,Desk,15,220.3,Store B,Retail,0.15,Diana,2808.825,Debit Card,,0,REG100014,Cust 4548,39.66,2024-12-08,2024-12-15,Ryan,7,False,True
2023-11-30,East,Phone,20,519.04,Store B,Retail,0.15,Carlos,8823.679999999998,Gift Card,FREESHIP,0,REG100018,Cust 1228,19.43,2023-11-30,2023-12-08,Eric,8,False,True
2023-06-22,West,Desk,14,30.83,Store B,Retail,0.0,Carlos,431.62,Online,WINTER15,1,REG100019,Cust 4247,7.1,2023-06-22,2023-07-02,Wendy,10,False,True
2023-08-06,Central,Laptop,12,472.72,Store D,Retail,0.15,Diana,4821.744000000001,Credit Card,,0,REG100023,Cust 4638,27.97,2023-08-06,2023-08-14,Cameron,8,False,True
2024-05-23,North,Desk,5,288.01,Store A,Wholesale,0.0,Eva,1440.05,Credit Card,FREESHIP,0,REG100024,Cust 8538,46.69,2024-05-23,2024-05-30,Ryan,7,False,True
2025-06-16,West,Phone,1,101.73,Store D,Retail,0.0,Frank,101.73,Debit Card,WINTER15,0,REG100026,Cust 2609,11.59,2025-06-16,2025-06-25,Wendy,9,False,True
2023-05-09,Central,Tablet,1,472.07,Store A,Wholesale,0.1,Carlos,424.863,Online,FREESHIP,0,REG100029,Cust 7072,33.17,2023-05-09,2023-05-17,Cameron,8,False,True
2024-12-07,North,Tablet,12,306.29,Store D,Retail,0.0,Frank,3675.48,Debit Card,SAVE10,0,REG100030,Cust 7201,37.38,2024-12-07,2024-12-14,Ryan,7,False,True
2023-09-03,North,Tablet,14,82.14,Store C,Retail,0.0,Alice,1149.96,Credit Card,,0,REG100035,Cust 7902,12.57,2023-09-03,2023-09-11,Ryan,8,False,True
2025-03-21,Central,Chair,9,343.21,Store A,Retail,0.05,Carlos,2934.4455,Debit Card,FREESHIP,0,REG100036,Cust 9968,40.29,2025-03-21,2025-03-28,Cameron,7,False,True
2025-06-20,South,Chair,7,301.01,Store B,Retail,0.15,Diana,1791.0095,Cash,SAVE10,1,REG100037,Cust 3787,34.97,2025-06-20,2025-06-30,Sophie,10,False,True
2024-02-15,Central,Printer,14,428.13,Store C,Retail,0.1,Bob,5394.438,Cash,,1,REG100038,Cust 2469,24.77,2024-02-15,2024-02-25,Cameron,10,False,True
2023-06-09,Central,Laptop,2,503.28,Store D,Retail,0.15,Alice,855.5759999999999,Gift Card,,0,REG100039,Cust 6468,34.79,2023-06-09,2023-06-17,Cameron,8,False,True
2024-06-16,Central,Printer,20,65.17,Store C,Wholesale,0.05,Eva,1238.23,Gift Card,FREESHIP,0,REG100041,Cust 1482,21.72,2024-06-16,2024-06-25,Cameron,9,False,True
2023-05-20,Central,Printer,4,459.31,Store D,Wholesale,0.15,Carlos,1561.654,Gift Card,WINTER15,1,REG100043,Cust 9605,27.39,2023-05-20,2023-05-27,Cameron,7,False,True
2024-06-04,South,Tablet,16,302.58,Store D,Retail,0.0,Alice,4841.28,Online,WINTER15,1,REG100045,Cust 5533,20.76,2024-06-04,2024-06-14,Sophie,10,False,True
2024-09-06,West,Monitor,14,242.82,Store D,Wholesale,0.15,Alice,2889.558,Cash,WINTER15,1,REG100049,Cust 4005,20.71,2024-09-06,2024-09-13,Wendy,7,False,True
2025-01-17,West,Chair,2,251.69,Store C,Wholesale,0.0,Alice,503.38,Debit Card,FREESHIP,0,REG100051,Cust 7167,42.49,2025-01-17,2025-01-24,Wendy,7,False,True
2024-01-05,South,Monitor,2,371.3,Store B,Wholesale,0.05,Bob,705.47,Credit Card,SAVE10,0,REG100053,Cust 4944,36.51,2024-01-05,2024-01-15,Sophie,10,False,True
2025-06-11,Central,Tablet,11,232.75,Store D,Wholesale,0.05,Eva,2432.2375,Credit Card,SAVE10,0,REG100055,Cust 3638,36.33,2025-06-11,2025-06-21,Cameron,10,False,True
2025-03-06,East,Phone,17,146.28,Store B,Retail,0.15,Carlos,2113.746,Cash,SAVE10,0,REG100056,Cust 9973,7.84,2025-03-06,2025-03-15,Eric,9,False,True
2023-01-27,South,Phone,11,375.48,Store B,Retail,0.05,Bob,3923.766000000001,Debit Card,WINTER15,0,REG100058,Cust 2647,15.95,2023-01-27,2023-02-03,Sophie,7,False,True
2023-06-12,Central,Phone,8,301.68,Store D,Retail,0.0,Eva,2413.44,Cash,SAVE10,0,REG100061,Cust 3903,36.54,2023-06-12,2023-06-21,Cameron,9,False,True
2023-07-31,West,Tablet,5,490.52,Store D,Wholesale,0.05,Frank,2329.97,Online,,0,REG100066,Cust 7186,12.24,2023-07-31,2023-08-07,Wendy,7,False,True
2024-12-24,South,Chair,8,405.96,Store A,Wholesale,0.05,Carlos,3085.296,Credit Card,WINTER15,0,REG100067,Cust 8287,41.27,2024-12-24,2024-12-31,Sophie,7,False,True
2025-03-13,West,Monitor,16,38.49,Store C,Retail,0.15,Carlos,523.464,Debit Card,SAVE10,0,REG100069,Cust 3213,8.38,2025-03-13,2025-03-22,Wendy,9,False,True
2024-03-03,East,Tablet,15,328.36,Store D,Retail,0.15,Alice,4186.59,Gift Card,WINTER15,0,REG100070,Cust 1907,15.76,2024-03-03,2024-03-12,Eric,9,False,True
2023-10-26,South,Desk,13,484.45,Store B,Wholesale,0.05,Carlos,5982.9575,Gift Card,WINTER15,1,REG100072,Cust 4153,6.57,2023-10-26,2023-11-05,Sophie,10,False,True
2023-10-21,South,Monitor,13,195.84,Store A,Wholesale,0.05,Alice,2418.624,Credit Card,,0,REG100073,Cust 7096,33.52,2023-10-21,2023-10-28,Sophie,7,False,True
2024-02-16,North,Phone,4,83.75,Store A,Retail,0.05,Alice,318.25,Debit Card,SAVE10,1,REG100080,Cust 4108,38.82,2024-02-16,2024-02-25,Ryan,9,False,True
2024-05-03,East,Monitor,5,416.95,Store A,Wholesale,0.15,Frank,1772.0375,Online,,1,REG100081,Cust 2883,24.03,2024-05-03,2024-05-12,Eric,9,False,True
2025-05-25,East,Laptop,15,15.85,Store C,Retail,0.0,Bob,237.75,Debit Card,WINTER15,0,REG100086,Cust 5289,23.49,2025-05-25,2025-06-03,Eric,9,False,True
2025-01-12,Central,Laptop,15,411.38,Store A,Wholesale,0.05,Bob,5862.165,Online,SAVE10,0,REG100089,Cust 3273,48.51,2025-01-12,2025-01-21,Cameron,9,False,True
2025-05-13,Central,Laptop,7,460.24,Store A,Retail,0.05,Alice,3060.596,Cash,SAVE10,1,REG100094,Cust 3014,11.54,2025-05-13,2025-05-23,Cameron,10,False,True
2025-01-31,Central,Monitor,1,323.83,Store B,Wholesale,0.05,Eva,307.6385,Credit Card,WINTER15,0,REG100096,Cust 3916,27.48,2025-01-31,2025-02-08,Cameron,8,False,True
2024-03-21,North,Laptop,11,401.76,Store D,Retail,0.15,Frank,3756.456,Gift Card,SAVE10,0,REG100100,Cust 6086,48.03,2024-03-21,2024-03-30,Ryan,9,False,True
2024-07-07,North,Desk,3,566.2,Store D,Retail,0.0,Bob,1698.6,Gift Card,FREESHIP,1,REG100103,Cust 1711,28.97,2024-07-07,2024-07-17,Ryan,10,False,True
2023-09-29,East,Monitor,14,167.09,Store D,Retail,0.05,Alice,2222.297,Gift Card,SAVE10,1,REG100104,Cust 4522,47.05,2023-09-29,2023-10-08,Eric,9,False,True
2023-10-04,West,Monitor,16,36.16,Store C,Wholesale,0.1,Carlos,520.704,Debit Card,FREESHIP,0,REG100105,Cust 4233,26.64,2023-10-04,2023-10-11,Wendy,7,False,True
2025-06-09,Central,Printer,2,73.94,Store B,Wholesale,0.05,Carlos,140.486,Debit Card,SAVE10,0,REG100106,Cust 4121,28.05,2025-06-09,2025-06-16,Cameron,7,False,True
2024-06-29,East,Chair,3,168.05,Store A,Retail,0.0,Carlos,504.15,Cash,,1,REG100108,Cust 9090,21.08,2024-06-29,2024-07-06,Eric,7,False,True
2024-03-23,North,Printer,14,37.54,Store B,Retail,0.15,Alice,446.7259999999999,Credit Card,,1,REG100109,Cust 1983,49.6,2024-03-23,2024-04-02,Ryan,10,False,True
2024-07-14,South,Tablet,4,151.16,Store B,Wholesale,0.0,Alice,604.64,Gift Card,SAVE10,1,REG100110,Cust 8834,41.4,2024-07-14,2024-07-21,Sophie,7,False,True
2024-03-15,South,Tablet,17,78.58,Store A,Wholesale,0.1,Bob,1202.274,Gift Card,WINTER15,0,REG100111,Cust 9780,8.02,2024-03-15,2024-03-25,Sophie,10,False,True
2024-01-25,East,Desk,5,215.6,Store C,Wholesale,0.0,Frank,1078.0,Online,WINTER15,0,REG100114,Cust 8641,28.36,2024-01-25,2024-02-04,Eric,10,False,True
2025-04-15,Central,Laptop,18,209.5,Store D,Wholesale,0.0,Carlos,3771.0,Credit Card,FREESHIP,0,REG100115,Cust 7656,38.23,2025-04-15,2025-04-23,Cameron,8,False,True
2023-12-01,South,Desk,5,396.93,Store B,Wholesale,0.0,Diana,1984.65,Credit Card,FREESHIP,0,REG100118,Cust 6895,48.63,2023-12-01,2023-12-08,Sophie,7,False,True
2024-01-24,Central,Laptop,11,259.61,Store C,Wholesale,0.1,Carlos,2570.139,Cash,FREESHIP,0,REG100120,Cust 9969,13.73,2024-01-24,2024-01-31,Cameron,7,False,True
2023-06-14,North,Tablet,8,323.8,Store B,Retail,0.0,Diana,2590.4,Cash,SAVE10,1,REG100124,Cust 3809,35.23,2023-06-14,2023-06-22,Ryan,8,False,True
2024-07-30,Central,Printer,16,163.86,Store C,Retail,0.15,Diana,2228.496,Gift Card,FREESHIP,0,REG100126,Cust 7258,37.95,2024-07-30,2024-08-06,Cameron,7,False,True
2024-07-18,East,Tablet,5,23.41,Store B,Wholesale,0.0,Frank,117.05,Credit Card,WINTER15,0,REG100127,Cust 1151,26.44,2024-07-18,2024-07-27,Eric,9,False,True
2025-06-08,West,Tablet,7,452.56,Store A,Wholesale,0.05,Frank,3009.524,Gift Card,FREESHIP,0,REG100129,Cust 4034,46.97,2025-06-08,2025-06-15,Wendy,7,False,True
2025-05-16,North,Desk,11,465.24,Store A,Wholesale,0.0,Carlos,5117.64,Debit Card,,1,REG100130,Cust 9794,17.59,2025-05-16,2025-05-23,Ryan,7,False,True
2023-09-17,West,Laptop,12,469.44,Store B,Wholesale,0.0,Bob,5633.28,Online,FREESHIP,0,REG100132,Cust 9024,33.3,2023-09-17,2023-09-26,Wendy,9,False,True
2023-07-14,Central,Desk,12,244.8,Store B,Wholesale,0.05,Frank,2790.72,Online,FREESHIP,0,REG100135,Cust 8963,44.75,2023-07-14,2023-07-23,Cameron,9,False,True
2024-03-22,West,Laptop,13,290.93,Store C,Retail,0.05,Diana,3592.9855,Credit Card,FREESHIP,0,REG100136,Cust 9238,26.09,2024-03-22,2024-03-31,Wendy,9,False,True
2024-10-13,North,Chair,13,416.66,Store B,Wholesale,0.15,Bob,4604.093,Credit Card,WINTER15,0,REG100141,Cust 5711,21.74,2024-10-13,2024-10-20,Ryan,7,False,True
2025-02-17,East,Chair,11,589.48,Store B,Retail,0.0,Alice,6484.280000000001,Online,WINTER15,0,REG100142,Cust 5461,49.93,2025-02-17,2025-02-25,Eric,8,False,True
2025-06-11,North,Phone,18,152.84,Store C,Retail,0.15,Diana,2338.452,Debit Card,FREESHIP,1,REG100143,Cust 8905,20.3,2025-06-11,2025-06-20,Ryan,9,False,True
2023-04-23,West,Chair,17,332.38,Store A,Retail,0.1,Frank,5085.414,Credit Card,SAVE10,1,REG100147,Cust 4734,33.81,2023-04-23,2023-05-02,Wendy,9,False,True
2025-05-11,Central,Chair,15,210.94,Store C,Wholesale,0.05,Frank,3005.895,Online,SAVE10,0,REG100148,Cust 5895,10.91,2025-05-11,2025-05-21,Cameron,10,False,True
2025-01-20,North,Monitor,3,386.29,Store C,Retail,0.15,Carlos,985.0395,Credit Card,FREESHIP,0,REG100150,Cust 5406,32.45,2025-01-20,2025-01-30,Ryan,10,False,True
2025-03-22,North,Tablet,5,225.99,Store C,Retail,0.0,Eva,1129.95,Online,SAVE10,1,REG100151,Cust 5750,10.88,2025-03-22,2025-03-30,Ryan,8,False,True
2023-06-22,South,Chair,14,291.09,Store A,Retail,0.0,Carlos,4075.26,Cash,,0,REG100157,Cust 7067,39.98,2023-06-22,2023-06-30,Sophie,8,False,True
2023-03-11,South,Monitor,6,93.92,Store B,Wholesale,0.15,Eva,478.992,Credit Card,FREESHIP,0,REG100161,Cust 4438,11.0,2023-03-11,2023-03-18,Sophie,7,False,True
2024-02-23,South,Monitor,16,120.22,Store D,Retail,0.15,Bob,1634.992,Cash,SAVE10,0,REG100163,Cust 1489,8.42,2024-02-23,2024-03-01,Sophie,7,False,True
2024-01-30,North,Monitor,11,118.8,Store A,Retail,0.05,Eva,1241.46,Online,SAVE10,0,REG100164,Cust 6649,39.32,2024-01-30,2024-02-06,Ryan,7,False,True
2023-12-21,North,Desk,7,284.7,Store D,Wholesale,0.05,Bob,1893.255,Gift Card,,0,REG100167,Cust 8184,5.36,2023-12-21,2023-12-30,Ryan,9,False,True
2023-05-25,West,Laptop,20,343.25,Store C,Wholesale,0.05,Alice,6521.75,Debit Card,FREESHIP,0,REG100168,Cust 2490,28.77,2023-05-25,2023-06-02,Wendy,8,False,True
2025-06-30,Central,Chair,6,95.24,Store D,Wholesale,0.15,Diana,485.7239999999999,Gift Card,FREESHIP,0,REG100169,Cust 1647,18.72,2025-06-30,2025-07-08,Cameron,8,False,True
2025-02-12,West,Desk,13,104.8,Store B,Retail,0.05,Diana,1294.28,Credit Card,WINTER15,0,REG100170,Cust 2017,7.79,2025-02-12,2025-02-19,Wendy,7,False,True
2023-02-03,South,Tablet,10,325.18,Store C,Wholesale,0.1,Alice,2926.62,Cash,WINTER15,0,REG100172,Cust 4877,47.39,2023-02-03,2023-02-13,Sophie,10,False,True
2024-03-01,East,Monitor,17,542.82,Store A,Wholesale,0.0,Alice,9227.94,Debit Card,WINTER15,1,REG100173,Cust 9112,7.13,2024-03-01,2024-03-08,Eric,7,False,True
2023-05-24,North,Tablet,14,207.48,Store C,Wholesale,0.05,Eva,2759.483999999999,Online,,0,REG100174,Cust 8172,5.7,2023-05-24,2023-06-02,Ryan,9,False,True
2024-07-11,East,Laptop,6,555.03,Store C,Retail,0.1,Frank,2997.162,Credit Card,,1,REG100178,Cust 5602,23.69,2024-07-11,2024-07-20,Eric,9,False,True
2025-06-30,North,Laptop,16,76.17,Store D,Wholesale,0.1,Alice,1096.848,Cash,WINTER15,0,REG100180,Cust 1312,41.88,2025-06-30,2025-07-09,Ryan,9,False,True
2024-11-06,South,Printer,3,503.55,Store C,Wholesale,0.1,Bob,1359.585,Credit Card,WINTER15,0,REG100181,Cust 6315,37.49,2024-11-06,2024-11-13,Sophie,7,False,True
2023-12-09,West,Printer,18,421.93,Store D,Retail,0.05,Bob,7215.003,Gift Card,WINTER15,0,REG100184,Cust 7901,23.42,2023-12-09,2023-12-18,Wendy,9,False,True
2023-02-08,South,Tablet,7,247.53,Store C,Wholesale,0.15,Alice,1472.8035,Gift Card,FREESHIP,0,REG100187,Cust 2471,13.63,2023-02-08,2023-02-16,Sophie,8,False,True
2024-06-28,West,Tablet,6,176.51,Store C,Wholesale,0.15,Carlos,900.2009999999999,Debit Card,FREESHIP,1,REG100188,Cust 3068,31.02,2024-06-28,2024-07-07,Wendy,9,False,True
2024-04-15,West,Laptop,2,143.43,Store D,Wholesale,0.0,Bob,286.86,Credit Card,,0,REG100189,Cust 3848,36.94,2024-04-15,2024-04-22,Wendy,7,False,True
2023-11-27,East,Monitor,12,538.5,Store C,Wholesale,0.05,Alice,6138.9,Cash,SAVE10,0,REG100190,Cust 7777,18.54,2023-11-27,2023-12-06,Eric,9,False,True
2024-12-13,South,Printer,15,57.14,Store B,Wholesale,0.15,Carlos,728.535,Debit Card,FREESHIP,0,REG100193,Cust 8304,7.02,2024-12-13,2024-12-22,Sophie,9,False,True
2025-01-17,Central,Tablet,18,124.18,Store B,Wholesale,0.15,Carlos,1899.954,Debit Card,SAVE10,0,REG100194,Cust 3630,45.77,2025-01-17,2025-01-26,Cameron,9,False,True
2023-04-11,West,Printer,3,486.52,Store B,Wholesale,0.1,Carlos,1313.604,Gift Card,,0,REG100198,Cust 5739,16.5,2023-04-11,2023-04-20,Wendy,9,False,True
2024-04-09,West,Desk,2,117.47,Store C,Wholesale,0.0,Eva,234.94,Credit Card,FREESHIP,0,REG100201,Cust 1216,6.58,2024-04-09,2024-04-16,Wendy,7,False,True
2023-04-27,Central,Tablet,8,536.43,Store B,Retail,0.0,Carlos,4291.44,Cash,,1,REG100206,Cust 8171,14.58,2023-04-27,2023-05-07,Cameron,10,False,True
2024-08-07,East,Phone,1,94.33,Store A,Wholesale,0.0,Carlos,94.33,Online,,0,REG100207,Cust 2004,49.17,2024-08-07,2024-08-17,Eric,10,False,True
2023-04-15,West,Laptop,16,489.94,Store C,Retail,0.1,Frank,7055.136,Cash,SAVE10,0,REG100208,Cust 4214,9.69,2023-04-15,2023-04-25,Wendy,10,False,True
2023-06-19,West,Printer,17,595.57,Store D,Retail,0.15,Bob,8605.9865,Credit Card,WINTER15,0,REG100210,Cust 2082,9.73,2023-06-19,2023-06-28,Wendy,9,False,True
2023-12-29,East,Printer,1,180.12,Store A,Wholesale,0.1,Eva,162.108,Debit Card,,0,REG100211,Cust 3001,27.07,2023-12-29,2024-01-07,Eric,9,False,True
2024-08-05,West,Tablet,6,187.06,Store B,Wholesale,0.1,Frank,1010.124,Debit Card,FREESHIP,0,REG100214,Cust 3386,11.03,2024-08-05,2024-08-13,Wendy,8,False,True
2023-05-16,East,Tablet,4,85.16,Store D,Wholesale,0.1,Carlos,306.576,Credit Card,,0,REG100216,Cust 3434,38.51,2023-05-16,2023-05-23,Eric,7,False,True
2023-02-14,North,Tablet,12,451.51,Store B,Wholesale,0.15,Carlos,4605.402,Online,WINTER15,0,REG100217,Cust 1501,9.54,2023-02-14,2023-02-22,Ryan,8,False,True
2024-06-03,Central,Tablet,1,259.87,Store D,Retail,0.15,Eva,220.8895,Gift Card,FREESHIP,0,REG100218,Cust 9683,19.2,2024-06-03,2024-06-12,Cameron,9,False,True
2023-11-08,Central,Tablet,20,268.25,Store D,Retail,0.05,Diana,5096.75,Cash,FREESHIP,0,REG100219,Cust 5416,20.96,2023-11-08,2023-11-15,Cameron,7,False,True
2025-03-20,West,Laptop,18,493.06,Store D,Wholesale,0.05,Diana,8431.326,Cash,WINTER15,1,REG100221,Cust 3572,46.87,2025-03-20,2025-03-28,Wendy,8,False,True
2024-02-22,West,Monitor,4,36.82,Store C,Wholesale,0.05,Frank,139.916,Credit Card,WINTER15,1,REG100222,Cust 6372,24.86,2024-02-22,2024-03-01,Wendy,8,False,True
2025-04-02,North,Printer,12,413.45,Store D,Retail,0.15,Bob,4217.19,Cash,FREESHIP,0,REG100223,Cust 6109,23.25,2025-04-02,2025-04-10,Ryan,8,False,True
2023-07-07,East,Tablet,3,71.91,Store B,Wholesale,0.0,Alice,215.73,Gift Card,WINTER15,1,REG100228,Cust 7137,46.25,2023-07-07,2023-07-17,Eric,10,False,True
2024-03-31,West,Laptop,7,120.6,Store B,Wholesale,0.0,Diana,844.1999999999999,Online,WINTER15,0,REG100230,Cust 4878,43.8,2024-03-31,2024-04-08,Wendy,8,False,True
2024-08-14,South,Phone,20,14.33,Store D,Wholesale,0.1,Carlos,257.9400000000001,Debit Card,,0,REG100233,Cust 9599,6.22,2024-08-14,2024-08-21,Sophie,7,False,True
2024-04-01,Central,Desk,17,480.62,Store C,Wholesale,0.15,Carlos,6944.959,Online,FREESHIP,0,REG100236,Cust 7607,37.09,2024-04-01,2024-04-09,Cameron,8,False,True
2024-06-13,South,Chair,5,555.84,Store C,Retail,0.05,Diana,2640.24,Credit Card,,0,REG100237,Cust 4768,29.4,2024-06-13,2024-06-20,Sophie,7,False,True
2023-01-01,Central,Chair,11,468.22,Store D,Retail,0.0,Carlos,5150.42,Debit Card,WINTER15,0,REG100241,Cust 6437,19.92,2023-01-01,2023-01-11,Cameron,10,False,True
2023-05-02,Central,Printer,13,134.2,Store A,Wholesale,0.05,Eva,1657.37,Credit Card,WINTER15,0,REG100243,Cust 8678,9.6,2023-05-02,2023-05-10,Cameron,8,False,True
2024-12-27,South,Monitor,14,551.14,Store C,Wholesale,0.1,Diana,6944.364,Online,FREESHIP,1,REG100245,Cust 1960,12.35,2024-12-27,2025-01-05,Sophie,9,False,True
2024-03-24,East,Laptop,6,595.11,Store C,Wholesale,0.0,Diana,3570.66,Cash,SAVE10,1,REG100247,Cust 4944,28.92,2024-03-24,2024-03-31,Eric,7,False,True
2024-12-26,East,Laptop,6,516.66,Store C,Wholesale,0.05,Bob,2944.962,Online,,1,REG100248,Cust 9618,5.15,2024-12-26,2025-01-03,Eric,8,False,True
2025-06-01,South,Laptop,13,306.16,Store A,Wholesale,0.15,Frank,3383.068,Cash,SAVE10,0,REG100250,Cust 4689,25.16,2025-06-01,2025-06-10,Sophie,9,False,True
2024-08-10,East,Phone,20,337.37,Store C,Retail,0.1,Diana,6072.66,Gift Card,,0,REG100252,Cust 2724,43.17,2024-08-10,2024-08-17,Eric,7,False,True
2025-03-02,South,Phone,12,34.24,Store C,Retail,0.1,Frank,369.792,Cash,,0,REG100253,Cust 2823,17.64,2025-03-02,2025-03-10,Sophie,8,False,True
2023-02-21,East,Tablet,4,477.05,Store B,Wholesale,0.0,Carlos,1908.2,Credit Card,WINTER15,0,REG100254,Cust 9402,45.54,2023-02-21,2023-03-02,Eric,9,False,True
2024-11-20,East,Laptop,6,562.93,Store C,Retail,0.0,Alice,3377.58,Credit Card,WINTER15,0,REG100255,Cust 6561,43.73,2024-11-20,2024-11-27,Eric,7,False,True
2024-01-01,South,Monitor,7,208.86,Store B,Retail,0.0,Frank,1462.02,Cash,FREESHIP,0,REG100257,Cust 1015,20.64,2024-01-01,2024-01-08,Sophie,7,False,True
2024-08-25,South,Tablet,7,50.26,Store C,Retail,0.15,Diana,299.047,Cash,,0,REG100259,Cust 2501,17.12,2024-08-25,2024-09-01,Sophie,7,False,True
2023-06-10,South,Laptop,2,374.59,Store C,Wholesale,0.15,Carlos,636.803,Online,SAVE10,0,REG100260,Cust 2330,34.64,2023-06-10,2023-06-18,Sophie,8,False,True
2024-12-18,North,Printer,7,467.6,Store A,Retail,0.1,Carlos,2945.88,Debit Card,,0,REG100261,Cust 7436,15.64,2024-12-18,2024-12-26,Ryan,8,False,True
2023-01-22,West,Phone,13,140.49,Store A,Retail,0.0,Eva,1826.37,Debit Card,SAVE10,0,REG100263,Cust 3599,17.69,2023-01-22,2023-01-31,Wendy,9,False,True
2023-02-07,North,Monitor,3,506.33,Store B,Retail,0.15,Frank,1291.1415,Debit Card,FREESHIP,0,REG100264,Cust 4127,25.71,2023-02-07,2023-02-14,Ryan,7,False,True
2023-11-22,South,Monitor,8,138.73,Store A,Wholesale,0.05,Frank,1054.348,Online,WINTER15,1,REG100265,Cust 6855,48.51,2023-11-22,2023-11-29,Sophie,7,False,True
2023-02-02,North,Printer,10,538.47,Store D,Retail,0.1,Bob,4846.23,Gift Card,WINTER15,1,REG100268,Cust 9822,17.25,2023-02-02,2023-02-12,Ryan,10,False,True
2023-05-24,North,Tablet,15,505.44,Store A,Wholesale,0.1,Alice,6823.440000000001,Online,SAVE10,0,REG100269,Cust 7425,37.5,2023-05-24,2023-06-01,Ryan,8,False,True
2024-05-30,South,Printer,4,312.09,Store C,Wholesale,0.15,Diana,1061.106,Debit Card,SAVE10,1,REG100270,Cust 6468,17.99,2024-05-30,2024-06-06,Sophie,7,False,True
2024-01-23,West,Desk,15,579.58,Store C,Retail,0.15,Eva,7389.645,Credit Card,,0,REG100271,Cust 8897,31.22,2024-01-23,2024-01-31,Wendy,8,False,True
2023-02-06,North,Chair,10,217.43,Store A,Retail,0.15,Bob,1848.155,Credit Card,FREESHIP,0,REG100272,Cust 9816,33.14,2023-02-06,2023-02-15,Ryan,9,False,True
2025-03-06,East,Chair,5,89.03,Store C,Wholesale,0.1,Frank,400.635,Debit Card,WINTER15,0,REG100274,Cust 4990,22.42,2025-03-06,2025-03-16,Eric,10,False,True
2023-07-29,Central,Phone,17,6.88,Store A,Retail,0.1,Frank,105.264,Gift Card,,0,REG100275,Cust 5834,42.37,2023-07-29,2023-08-08,Cameron,10,False,True
2024-04-17,West,Tablet,7,353.9,Store C,Wholesale,0.15,Alice,2105.705,Debit Card,SAVE10,1,REG100282,Cust 3051,15.74,2024-04-17,2024-04-27,Wendy,10,False,True
2024-08-05,East,Phone,19,271.22,Store A,Wholesale,0.1,Alice,4637.862,Credit Card,WINTER15,0,REG100285,Cust 4002,35.33,2024-08-05,2024-08-15,Eric,10,False,True
2025-01-23,West,Laptop,6,532.54,Store A,Wholesale,0.0,Diana,3195.24,Debit Card,,1,REG100286,Cust 5830,25.09,2025-01-23,2025-02-02,Wendy,10,False,True
2023-09-08,West,Laptop,19,212.83,Store D,Wholesale,0.15,Carlos,3437.2045,Online,WINTER15,0,REG100289,Cust 4117,42.88,2023-09-08,2023-09-15,Wendy,7,False,True
2025-04-20,South,Laptop,5,578.92,Store A,Wholesale,0.0,Bob,2894.6,Credit Card,,1,REG100290,Cust 1385,44.09,2025-04-20,2025-04-28,Sophie,8,False,True
2024-06-20,North,Phone,3,456.92,Store C,Retail,0.1,Frank,1233.684,Gift Card,FREESHIP,0,REG100291,Cust 5185,17.57,2024-06-20,2024-06-27,Ryan,7,False,True
2023-01-11,East,Tablet,12,521.53,Store D,Retail,0.0,Eva,6258.36,Credit Card,SAVE10,1,REG100292,Cust 8704,49.59,2023-01-11,2023-01-20,Eric,9,False,True
2025-03-08,Central,Monitor,9,8.81,Store D,Retail,0.15,Alice,67.3965,Online,SAVE10,0,REG100294,Cust 3907,42.7,2025-03-08,2025-03-18,Cameron,10,False,True
2023-11-30,Central,Printer,15,354.09,Store B,Retail,0.05,Carlos,5045.782499999999,Online,,1,REG100298,Cust 4467,25.3,2023-11-30,2023-12-08,Cameron,8,False,True
2023-11-03,West,Phone,12,17.76,Store D,Retail,0.1,Carlos,191.808,Online,FREESHIP,0,REG100302,Cust 2194,12.18,2023-11-03,2023-11-11,Wendy,8,False,True
2024-01-25,West,Laptop,13,453.48,Store A,Wholesale,0.05,Alice,5600.477999999999,Gift Card,SAVE10,0,REG100304,Cust 8451,46.28,2024-01-25,2024-02-03,Wendy,9,False,True
2024-11-02,Central,Chair,16,89.76,Store A,Wholesale,0.0,Alice,1436.16,Debit Card,WINTER15,1,REG100306,Cust 2529,44.69,2024-11-02,2024-11-09,Cameron,7,False,True
2024-06-30,Central,Chair,11,535.37,Store D,Wholesale,0.0,Frank,5889.07,Cash,,0,REG100307,Cust 7057,35.96,2024-06-30,2024-07-09,Cameron,9,False,True
2023-01-11,South,Tablet,9,15.58,Store D,Retail,0.1,Frank,126.198,Gift Card,FREESHIP,1,REG100308,Cust 9069,27.81,2023-01-11,2023-01-19,Sophie,8,False,True
2025-06-05,North,Desk,13,466.54,Store C,Wholesale,0.0,Eva,6065.02,Cash,FREESHIP,0,REG100309,Cust 5858,18.63,2025-06-05,2025-06-14,Ryan,9,False,True
2023-08-31,South,Desk,6,567.36,Store C,Wholesale,0.05,Alice,3233.952,Gift Card,WINTER15,0,REG100311,Cust 7052,45.98,2023-08-31,2023-09-08,Sophie,8,False,True
2024-10-07,South,Phone,17,523.04,Store A,Retail,0.05,Eva,8447.096,Debit Card,FREESHIP,0,REG100312,Cust 9397,37.38,2024-10-07,2024-10-17,Sophie,10,False,True
2023-11-06,South,Printer,5,95.19,Store A,Retail,0.15,Frank,404.5575,Credit Card,WINTER15,0,REG100314,Cust 1573,48.55,2023-11-06,2023-11-16,Sophie,10,False,True
2023-04-28,West,Desk,2,210.71,Store D,Wholesale,0.15,Diana,358.207,Credit Card,SAVE10,0,REG100315,Cust 5660,7.78,2023-04-28,2023-05-08,Wendy,10,False,True
2024-08-04,Central,Monitor,9,24.44,Store C,Wholesale,0.15,Eva,186.966,Gift Card,SAVE10,1,REG100319,Cust 3245,22.06,2024-08-04,2024-08-14,Cameron,10,False,True
2024-10-23,Central,Tablet,12,352.2,Store A,Retail,0.05,Eva,4015.079999999999,Credit Card,WINTER15,0,REG100320,Cust 7180,18.39,2024-10-23,2024-11-01,Cameron,9,False,True
2024-02-13,West,Monitor,7,353.99,Store C,Wholesale,0.05,Carlos,2354.0335,Gift Card,FREESHIP,0,REG100321,Cust 5973,5.93,2024-02-13,2024-02-20,Wendy,7,False,True
2023-09-19,South,Laptop,4,547.56,Store D,Retail,0.15,Frank,1861.704,Gift Card,,0,REG100327,Cust 3803,25.88,2023-09-19,2023-09-26,Sophie,7,False,True
2024-06-20,Central,Chair,5,432.35,Store C,Wholesale,0.1,Bob,1945.575,Gift Card,,1,REG100335,Cust 6424,41.48,2024-06-20,2024-06-27,Cameron,7,False,True
2024-01-29,Central,Printer,16,598.48,Store A,Retail,0.1,Frank,8618.112000000001,Cash,,0,REG100341,Cust 8464,47.86,2024-01-29,2024-02-07,Cameron,9,False,True
2024-12-16,North,Chair,8,378.88,Store A,Wholesale,0.1,Frank,2727.936,Debit Card,WINTER15,1,REG100344,Cust 8246,5.22,2024-12-16,2024-12-24,Ryan,8,False,True
2023-08-05,Central,Monitor,12,169.2,Store C,Retail,0.05,Diana,1928.88,Gift Card,SAVE10,0,REG100345,Cust 6500,28.65,2023-08-05,2023-08-15,Cameron,10,False,True
2023-08-30,Central,Chair,7,103.03,Store D,Retail,0.1,Bob,649.089,Online,FREESHIP,1,REG100346,Cust 1150,5.29,2023-08-30,2023-09-06,Cameron,7,False,True
2024-12-13,North,Phone,15,27.21,Store C,Wholesale,0.0,Alice,408.15,Online,WINTER15,0,REG100348,Cust 1957,43.69,2024-12-13,2024-12-22,Ryan,9,False,True
2023-09-07,Central,Phone,14,52.09,Store A,Retail,0.0,Bob,729.26,Gift Card,,1,REG100349,Cust 3467,48.02,2023-09-07,2023-09-14,Cameron,7,False,True
2023-12-12,North,Monitor,7,570.01,Store C,Wholesale,0.0,Carlos,3990.07,Credit Card,WINTER15,0,REG100350,Cust 5212,42.33,2023-12-12,2023-12-21,Ryan,9,False,True
2024-04-25,East,Monitor,19,526.23,Store B,Retail,0.0,Bob,9998.37,Credit Card,WINTER15,0,REG100351,Cust 3509,32.77,2024-04-25,2024-05-05,Eric,10,False,True
2025-03-18,North,Printer,16,420.79,Store B,Wholesale,0.15,Carlos,5722.744,Cash,FREESHIP,1,REG100356,Cust 6362,22.13,2025-03-18,2025-03-25,Ryan,7,False,True
2025-02-25,North,Tablet,13,238.34,Store C,Retail,0.1,Carlos,2788.578,Credit Card,SAVE10,1,REG100359,Cust 2553,7.9,2025-02-25,2025-03-06,Ryan,9,False,True
2025-03-19,Central,Laptop,17,511.8,Store B,Retail,0.05,Carlos,8265.57,Credit Card,WINTER15,1,REG100366,Cust 1400,13.33,2025-03-19,2025-03-26,Cameron,7,False,True
2024-09-11,Central,Monitor,15,202.72,Store D,Retail,0.05,Eva,2888.76,Debit Card,WINTER15,1,REG100368,Cust 5267,41.61,2024-09-11,2024-09-19,Cameron,8,False,True
2023-02-01,Central,Phone,7,241.76,Store D,Wholesale,0.0,Carlos,1692.32,Online,SAVE10,0,REG100372,Cust 1031,48.13,2023-02-01,2023-02-09,Cameron,8,False,True
2025-04-18,North,Laptop,20,170.49,Store A,Wholesale,0.0,Diana,3409.8,Online,FREESHIP,0,REG100373,Cust 6086,19.74,2025-04-18,2025-04-27,Ryan,9,False,True
2023-08-05,Central,Tablet,9,245.14,Store B,Wholesale,0.0,Alice,2206.26,Online,SAVE10,1,REG100377,Cust 6453,44.6,2023-08-05,2023-08-14,Cameron,9,False,True
2024-07-18,South,Chair,10,252.63,Store B,Retail,0.15,Eva,2147.355,Cash,FREESHIP,0,REG100380,Cust 1865,8.92,2024-07-18,2024-07-25,Sophie,7,False,True
2025-03-31,East,Printer,15,511.88,Store C,Wholesale,0.05,Bob,7294.289999999999,Cash,SAVE10,0,REG100385,Cust 7714,10.22,2025-03-31,2025-04-09,Eric,9,False,True
2024-07-15,East,Printer,10,325.97,Store D,Retail,0.0,Bob,3259.7,Cash,FREESHIP,1,REG100386,Cust 4770,49.95,2024-07-15,2024-07-22,Eric,7,False,True
2025-03-01,West,Monitor,4,69.6,Store D,Wholesale,0.05,Eva,264.48,Gift Card,SAVE10,0,REG100391,Cust 7226,17.68,2025-03-01,2025-03-09,Wendy,8,False,True
2025-04-09,West,Tablet,14,484.38,Store D,Retail,0.05,Frank,6442.253999999999,Debit Card,SAVE10,0,REG100394,Cust 7687,29.24,2025-04-09,2025-04-19,Wendy,10,False,True
2023-11-05,North,Monitor,6,449.57,Store D,Wholesale,0.0,Frank,2697.42,Gift Card,WINTER15,0,REG100395,Cust 6511,23.09,2023-11-05,2023-11-12,Ryan,7,False,True
2024-09-10,West,Tablet,13,442.99,Store A,Wholesale,0.05,Alice,5470.9265,Gift Card,SAVE10,0,REG100405,Cust 1319,37.12,2024-09-10,2024-09-18,Wendy,8,False,True
2024-11-10,East,Tablet,15,469.52,Store C,Wholesale,0.0,Alice,7042.799999999999,Credit Card,FREESHIP,0,REG100407,Cust 7369,35.6,2024-11-10,2024-11-17,Eric,7,False,True
2023-11-20,East,Laptop,12,195.73,Store C,Wholesale,0.05,Alice,2231.322,Cash,SAVE10,0,REG100409,Cust 2337,37.09,2023-11-20,2023-11-27,Eric,7,False,True
2024-05-25,South,Laptop,19,478.73,Store A,Retail,0.0,Frank,9095.87,Debit Card,WINTER15,1,REG100413,Cust 5938,46.46,2024-05-25,2024-06-02,Sophie,8,False,True
2024-10-31,West,Desk,17,82.2,Store C,Wholesale,0.0,Alice,1397.4,Cash,WINTER15,0,REG100417,Cust 3231,32.5,2024-10-31,2024-11-10,Wendy,10,False,True
2024-03-05,Central,Monitor,1,8.2,Store C,Wholesale,0.15,Frank,6.969999999999999,Debit Card,,0,REG100419,Cust 7054,30.35,2024-03-05,2024-03-15,Cameron,10,False,True
2023-08-05,South,Printer,20,121.14,Store C,Retail,0.1,Bob,2180.52,Credit Card,FREESHIP,0,REG100421,Cust 1237,21.47,2023-08-05,2023-08-14,Sophie,9,False,True
2023-03-08,East,Chair,19,191.44,Store C,Wholesale,0.15,Carlos,3091.756,Cash,WINTER15,1,REG100424,Cust 8492,35.54,2023-03-08,2023-03-17,Eric,9,False,True
2023-09-16,North,Desk,17,163.37,Store B,Wholesale,0.15,Eva,2360.6965,Gift Card,SAVE10,0,REG100426,Cust 4509,5.36,2023-09-16,2023-09-26,Ryan,10,False,True
2023-06-13,South,Tablet,14,583.96,Store C,Retail,0.0,Diana,8175.440000000001,Debit Card,WINTER15,0,REG100427,Cust 6643,23.03,2023-06-13,2023-06-22,Sophie,9,False,True
2024-02-09,Central,Phone,16,442.22,Store B,Retail,0.0,Alice,7075.52,Cash,FREESHIP,0,REG100430,Cust 9139,27.36,2024-02-09,2024-02-18,Cameron,9,False,True
2025-05-17,East,Printer,15,506.81,Store A,Retail,0.15,Bob,6461.827499999999,Cash,FREESHIP,1,REG100434,Cust 7585,41.03,2025-05-17,2025-05-27,Eric,10,False,True
2024-06-15,East,Desk,1,498.35,Store B,Retail,0.1,Alice,448.515,Online,FREESHIP,0,REG100438,Cust 8155,34.7,2024-06-15,2024-06-22,Eric,7,False,True
2023-06-03,West,Tablet,3,54.37,Store B,Wholesale,0.1,Frank,146.799,Credit Card,WINTER15,0,REG100440,Cust 2850,48.71,2023-06-03,2023-06-13,Wendy,10,False,True
2023-09-10,East,Phone,6,471.74,Store C,Retail,0.15,Carlos,2405.874,Online,,0,REG100441,Cust 9572,36.79,2023-09-10,2023-09-18,Eric,8,False,True
2023-09-24,North,Tablet,13,115.86,Store A,Wholesale,0.1,Diana,1355.562,Cash,,1,REG100443,Cust 4154,28.52,2023-09-24,2023-10-03,Ryan,9,False,True
2023-06-17,East,Chair,4,584.8,Store B,Retail,0.1,Eva,2105.28,Online,FREESHIP,0,REG100445,Cust 8157,16.44,2023-06-17,2023-06-25,Eric,8,False,True
2024-01-28,West,Printer,20,424.7,Store B,Wholesale,0.15,Bob,7219.9,Online,FREESHIP,0,REG100446,Cust 4861,42.03,2024-01-28,2024-02-05,Wendy,8,False,True
2025-01-09,East,Laptop,12,148.66,Store A,Wholesale,0.0,Diana,1783.92,Online,,1,REG100448,Cust 7073,27.16,2025-01-09,2025-01-17,Eric,8,False,True
2025-03-30,Central,Phone,16,460.43,Store B,Wholesale,0.15,Bob,6261.848,Online,WINTER15,0,REG100449,Cust 9085,20.38,2025-03-30,2025-04-06,Cameron,7,False,True
2024-10-30,East,Chair,11,445.75,Store A,Wholesale,0.1,Frank,4412.925,Online,SAVE10,0,REG100453,Cust 9592,18.07,2024-10-30,2024-11-07,Eric,8,False,True
2023-07-30,Central,Chair,1,528.31,Store C,Wholesale,0.1,Alice,475.479,Online,FREESHIP,0,REG100455,Cust 4186,24.55,2023-07-30,2023-08-09,Cameron,10,False,True
2024-08-13,North,Monitor,16,64.03,Store A,Wholesale,0.0,Carlos,1024.48,Gift Card,WINTER15,1,REG100456,Cust 3305,16.71,2024-08-13,2024-08-23,Ryan,10,False,True
2023-11-04,North,Printer,13,179.37,Store A,Retail,0.05,Eva,2215.2195,Online,FREESHIP,0,REG100457,Cust 9768,35.28,2023-11-04,2023-11-12,Ryan,8,False,True
2025-06-05,East,Printer,19,491.15,Store C,Retail,0.0,Frank,9331.85,Online,,0,REG100458,Cust 1179,48.68,2025-06-05,2025-06-15,Eric,10,False,True
2024-09-21,South,Laptop,20,296.8,Store A,Retail,0.1,Frank,5342.400000000001,Gift Card,,0,REG100460,Cust 2672,19.57,2024-09-21,2024-09-28,Sophie,7,False,True
2025-01-02,West,Laptop,1,374.33,Store B,Wholesale,0.0,Carlos,374.33,Credit Card,FREESHIP,0,REG100462,Cust 1649,33.31,2025-01-02,2025-01-12,Wendy,10,False,True
2024-03-14,North,Desk,13,588.8,Store D,Wholesale,0.15,Frank,6506.24,Cash,SAVE10,0,REG100463,Cust 6994,45.03,2024-03-14,2024-03-21,Ryan,7,False,True
2023-10-31,West,Printer,6,202.97,Store C,Retail,0.1,Eva,1096.038,Gift Card,WINTER15,0,REG100467,Cust 3829,43.55,2023-10-31,2023-11-10,Wendy,10,False,True
2023-01-16,West,Phone,20,553.85,Store A,Retail,0.0,Frank,11077.0,Cash,WINTER15,0,REG100471,Cust 6211,33.21,2023-01-16,2023-01-24,Wendy,8,False,True
2025-02-28,Central,Tablet,13,81.17,Store D,Retail,0.1,Frank,949.689,Cash,SAVE10,1,REG100472,Cust 1222,48.21,2025-02-28,2025-03-08,Cameron,8,False,True
2023-12-04,West,Printer,1,268.19,Store B,Wholesale,0.1,Carlos,241.371,Gift Card,WINTER15,0,REG100474,Cust 5942,9.48,2023-12-04,2023-12-13,Wendy,9,False,True
2024-06-21,South,Printer,17,432.65,Store A,Retail,0.15,Frank,6251.7925,Cash,FREESHIP,0,REG100475,Cust 1745,18.85,2024-06-21,2024-06-29,Sophie,8,False,True
2025-03-17,East,Desk,14,123.04,Store A,Wholesale,0.1,Diana,1550.304,Cash,WINTER15,1,REG100476,Cust 2679,43.28,2025-03-17,2025-03-26,Eric,9,False,True
2023-06-29,North,Chair,10,126.46,Store A,Retail,0.1,Eva,1138.14,Online,WINTER15,0,REG100480,Cust 7995,26.96,2023-06-29,2023-07-09,Ryan,10,False,True
2023-08-13,North,Monitor,7,125.02,Store D,Wholesale,0.0,Carlos,875.14,Credit Card,FREESHIP,0,REG100481,Cust 5572,12.45,2023-08-13,2023-08-20,Ryan,7,False,True
2024-04-29,West,Tablet,20,367.24,Store A,Wholesale,0.05,Carlos,6977.559999999999,Gift Card,FREESHIP,0,REG100482,Cust 1721,45.67,2024-04-29,2024-05-07,Wendy,8,False,True
2023-07-15,West,Monitor,8,432.12,Store B,Retail,0.0,Diana,3456.96,Credit Card,WINTER15,0,REG100483,Cust 2641,42.1,2023-07-15,2023-07-25,Wendy,10,False,True
2025-02-21,East,Printer,13,105.93,Store C,Retail,0.0,Bob,1377.09,Debit Card,FREESHIP,0,REG100485,Cust 1718,38.96,2025-02-21,2025-03-03,Eric,10,False,True
2023-07-19,West,Monitor,20,526.55,Store A,Wholesale,0.0,Alice,10531.0,Debit Card,FREESHIP,1,REG100486,Cust 1210,25.64,2023-07-19,2023-07-26,Wendy,7,False,True
2024-09-29,West,Phone,11,339.78,Store A,Retail,0.05,Diana,3550.701,Debit Card,WINTER15,1,REG100487,Cust 7710,11.56,2024-09-29,2024-10-06,Wendy,7,False,True
2024-01-19,West,Desk,6,148.23,Store B,Retail,0.1,Eva,800.4419999999999,Credit Card,FREESHIP,0,REG100490,Cust 2234,19.58,2024-01-19,2024-01-29,Wendy,10,False,True
2024-06-19,Central,Chair,6,247.2,Store A,Wholesale,0.05,Diana,1409.04,Credit Card,FREESHIP,0,REG100492,Cust 2546,18.75,2024-06-19,2024-06-27,Cameron,8,False,True
2023-10-02,Central,Laptop,9,146.72,Store A,Wholesale,0.1,Diana,1188.432,Credit Card,,0,REG100495,Cust 6944,10.45,2023-10-02,2023-10-10,Cameron,8,False,True
2024-06-14,Central,Laptop,2,287.43,Store C,Wholesale,0.1,Diana,517.374,Cash,WINTER15,0,REG100499,Cust 5530,25.34,2024-06-14,2024-06-23,Cameron,9,False,True
2023-02-27,North,Laptop,1,430.61,Store B,Retail,0.0,Alice,430.61,Gift Card,WINTER15,0,REG100501,Cust 9641,14.53,2023-02-27,2023-03-07,Ryan,8,False,True
2023-07-31,West,Laptop,5,508.05,Store D,Retail,0.0,Frank,2540.25,Credit Card,WINTER15,1,REG100502,Cust 9742,35.63,2023-07-31,2023-08-09,Wendy,9,False,True
2023-03-03,West,Laptop,13,522.97,Store C,Retail,0.15,Carlos,5778.8185,Debit Card,FREESHIP,0,REG100503,Cust 1144,33.9,2023-03-03,2023-03-10,Wendy,7,False,True
2024-10-19,East,Phone,6,549.21,Store B,Retail,0.1,Eva,2965.734,Credit Card,WINTER15,1,REG100505,Cust 3035,12.29,2024-10-19,2024-10-27,Eric,8,False,True
2024-10-11,West,Laptop,9,596.83,Store A,Retail,0.0,Eva,5371.47,Cash,WINTER15,0,REG100507,Cust 4456,6.43,2024-10-11,2024-10-19,Wendy,8,False,True
2025-06-14,Central,Monitor,15,154.04,Store D,Retail,0.1,Alice,2079.54,Cash,FREESHIP,1,REG100508,Cust 6435,24.53,2025-06-14,2025-06-23,Cameron,9,False,True
2024-12-22,East,Laptop,18,500.44,Store D,Wholesale,0.1,Bob,8107.128000000001,Credit Card,,0,REG100509,Cust 9352,8.87,2024-12-22,2024-12-30,Eric,8,False,True
2023-05-06,North,Laptop,18,414.77,Store C,Wholesale,0.1,Eva,6719.273999999999,Credit Card,,1,REG100514,Cust 4010,28.55,2023-05-06,2023-05-15,Ryan,9,False,True
2024-06-28,Central,Laptop,6,227.6,Store D,Retail,0.05,Carlos,1297.32,Debit Card,FREESHIP,0,REG100516,Cust 1904,38.22,2024-06-28,2024-07-05,Cameron,7,False,True
2025-05-11,Central,Monitor,5,136.13,Store C,Retail,0.15,Carlos,578.5525,Online,,0,REG100517,Cust 6034,10.02,2025-05-11,2025-05-20,Cameron,9,False,True
2024-04-30,South,Laptop,4,414.36,Store A,Retail,0.0,Bob,1657.44,Debit Card,FREESHIP,0,REG100519,Cust 5678,8.02,2024-04-30,2024-05-07,Sophie,7,False,True
2025-06-30,East,Phone,12,487.57,Store A,Wholesale,0.05,Eva,5558.298,Cash,,0,REG100521,Cust 9025,37.33,2025-06-30,2025-07-10,Eric,10,False,True
2025-01-11,South,Laptop,6,429.45,Store B,Retail,0.1,Alice,2319.03,Cash,,0,REG100524,Cust 5302,47.18,2025-01-11,2025-01-18,Sophie,7,False,True
2024-11-28,South,Phone,13,141.26,Store B,Retail,0.0,Frank,1836.38,Online,,0,REG100526,Cust 2227,23.68,2024-11-28,2024-12-05,Sophie,7,False,True
2024-10-24,West,Monitor,19,301.17,Store D,Retail,0.05,Alice,5436.1185,Debit Card,WINTER15,0,REG100528,Cust 9874,5.71,2024-10-24,2024-11-03,Wendy,10,False,True
2025-04-08,North,Chair,7,30.79,Store C,Retail,0.1,Bob,193.977,Cash,WINTER15,1,REG100529,Cust 1774,11.39,2025-04-08,2025-04-16,Ryan,8,False,True
2024-11-04,Central,Tablet,17,310.03,Store D,Retail,0.05,Carlos,5006.984499999999,Online,FREESHIP,0,REG100532,Cust 3170,8.06,2024-11-04,2024-11-12,Cameron,8,False,True
2024-04-09,Central,Printer,3,250.11,Store D,Wholesale,0.0,Alice,750.33,Gift Card,FREESHIP,0,REG100534,Cust 2670,36.35,2024-04-09,2024-04-17,Cameron,8,False,True
2025-01-17,North,Desk,12,526.82,Store A,Retail,0.0,Frank,6321.84,Credit Card,WINTER15,0,REG100535,Cust 8949,29.75,2025-01-17,2025-01-25,Ryan,8,False,True
2024-09-22,East,Chair,18,575.1,Store D,Wholesale,0.0,Bob,10351.8,Online,FREESHIP,0,REG100536,Cust 9748,35.32,2024-09-22,2024-09-29,Eric,7,False,True
2024-01-12,North,Monitor,14,157.14,Store A,Wholesale,0.15,Diana,1869.966,Gift Card,SAVE10,0,REG100538,Cust 5645,36.04,2024-01-12,2024-01-22,Ryan,10,False,True
2024-04-08,Central,Laptop,10,100.26,Store D,Wholesale,0.05,Carlos,952.47,Gift Card,SAVE10,0,REG100539,Cust 6577,36.71,2024-04-08,2024-04-15,Cameron,7,False,True
2024-07-17,North,Phone,4,375.96,Store C,Retail,0.15,Carlos,1278.264,Debit Card,,0,REG100541,Cust 9302,44.99,2024-07-17,2024-07-25,Ryan,8,False,True
2024-01-25,South,Monitor,9,372.44,Store A,Wholesale,0.05,Diana,3184.362,Gift Card,FREESHIP,0,REG100543,Cust 5896,41.87,2024-01-25,2024-02-02,Sophie,8,False,True
2024-03-24,Central,Laptop,7,140.53,Store D,Retail,0.0,Frank,983.71,Debit Card,,1,REG100544,Cust 3763,24.53,2024-03-24,2024-04-02,Cameron,9,False,True
2024-04-06,Central,Chair,10,397.39,Store D,Retail,0.15,Alice,3377.815,Gift Card,,0,REG100548,Cust 4015,25.27,2024-04-06,2024-04-16,Cameron,10,False,True
2023-12-21,South,Phone,19,30.41,Store D,Retail,0.05,Frank,548.9005,Debit Card,FREESHIP,0,REG100551,Cust 6809,48.33,2023-12-21,2023-12-31,Sophie,10,False,True
2024-03-23,West,Monitor,4,56.06,Store D,Retail,0.15,Carlos,190.604,Cash,SAVE10,0,REG100553,Cust 6888,10.77,2024-03-23,2024-04-01,Wendy,9,False,True
2025-05-20,Central,Tablet,9,380.85,Store B,Wholesale,0.0,Carlos,3427.65,Cash,FREESHIP,0,REG100555,Cust 4196,33.4,2025-05-20,2025-05-29,Cameron,9,False,True
2025-01-19,South,Chair,11,587.21,Store C,Wholesale,0.0,Carlos,6459.31,Debit Card,WINTER15,0,REG100556,Cust 6596,34.32,2025-01-19,2025-01-26,Sophie,7,False,True
2023-11-25,West,Monitor,5,99.23,Store B,Retail,0.0,Eva,496.15,Debit Card,,0,REG100559,Cust 2819,37.66,2023-11-25,2023-12-02,Wendy,7,False,True
2024-11-17,South,Monitor,9,503.18,Store B,Wholesale,0.0,Diana,4528.62,Gift Card,SAVE10,1,REG100560,Cust 1947,46.02,2024-11-17,2024-11-24,Sophie,7,False,True
2023-06-19,North,Chair,7,303.79,Store D,Wholesale,0.15,Frank,1807.5505,Credit Card,SAVE10,0,REG100562,Cust 7314,38.85,2023-06-19,2023-06-29,Ryan,10,False,True
2024-01-24,East,Phone,4,179.92,Store D,Retail,0.1,Diana,647.712,Online,WINTER15,0,REG100564,Cust 2964,35.26,2024-01-24,2024-02-01,Eric,8,False,True
2025-01-06,South,Printer,2,264.0,Store D,Retail,0.0,Bob,528.0,Gift Card,SAVE10,0,REG100565,Cust 5381,26.73,2025-01-06,2025-01-14,Sophie,8,False,True
2025-01-02,Central,Laptop,4,403.97,Store A,Wholesale,0.05,Alice,1535.086,Cash,WINTER15,0,REG100566,Cust 5436,39.92,2025-01-02,2025-01-09,Cameron,7,False,True
2023-02-22,North,Desk,4,85.96,Store A,Retail,0.1,Frank,309.456,Credit Card,,0,REG100567,Cust 1494,32.12,2023-02-22,2023-03-03,Ryan,9,False,True
2025-02-06,East,Desk,2,93.49,Store A,Wholesale,0.1,Alice,168.282,Debit Card,WINTER15,0,REG100568,Cust 4380,26.31,2025-02-06,2025-02-16,Eric,10,False,True
2023-07-01,East,Chair,9,228.3,Store B,Retail,0.05,Eva,1951.965,Debit Card,FREESHIP,0,REG100571,Cust 5698,8.75,2023-07-01,2023-07-09,Eric,8,False,True
2023-10-23,West,Laptop,17,25.95,Store B,Wholesale,0.05,Bob,419.0925,Gift Card,,0,REG100578,Cust 2218,27.68,2023-10-23,2023-10-30,Wendy,7,False,True
2023-03-23,North,Desk,18,209.65,Store A,Wholesale,0.1,Carlos,3396.33,Debit Card,,0,REG100579,Cust 8882,42.04,2023-03-23,2023-03-30,Ryan,7,False,True
2024-09-21,Central,Laptop,13,75.77,Store B,Wholesale,0.15,Frank,837.2585,Debit Card,SAVE10,0,REG100580,Cust 6709,41.94,2024-09-21,2024-09-30,Cameron,9,False,True
2024-12-26,West,Tablet,5,307.84,Store B,Wholesale,0.1,Bob,1385.28,Online,SAVE10,0,REG100581,Cust 8727,13.61,2024-12-26,2025-01-03,Wendy,8,False,True
2025-03-14,East,Phone,4,23.27,Store C,Wholesale,0.15,Diana,79.118,Online,SAVE10,0,REG100585,Cust 4270,32.86,2025-03-14,2025-03-21,Eric,7,False,True
2024-05-03,South,Laptop,6,266.67,Store B,Wholesale,0.05,Eva,1520.019,Debit Card,,0,REG100593,Cust 2219,48.49,2024-05-03,2024-05-11,Sophie,8,False,True
2023-10-07,South,Laptop,6,505.7,Store C,Retail,0.0,Alice,3034.2,Cash,,0,REG100596,Cust 4252,40.38,2023-10-07,2023-10-16,Sophie,9,False,True
2023-09-02,South,Printer,2,6.19,Store B,Retail,0.1,Frank,11.142,Credit Card,FREESHIP,1,REG100600,Cust 5280,47.24,2023-09-02,2023-09-12,Sophie,10,False,True
2023-10-13,Central,Tablet,5,75.27,Store A,Wholesale,0.0,Carlos,376.35,Cash,,0,REG100602,Cust 7130,31.61,2023-10-13,2023-10-22,Cameron,9,False,True
2024-02-07,Central,Desk,8,561.9,Store A,Retail,0.15,Bob,3820.92,Online,FREESHIP,1,REG100605,Cust 1932,15.97,2024-02-07,2024-02-14,Cameron,7,False,True
2024-08-12,North,Chair,10,278.0,Store C,Retail,0.0,Bob,2780.0,Credit Card,,0,REG100611,Cust 3199,24.25,2024-08-12,2024-08-22,Ryan,10,False,True
2023-10-24,South,Desk,5,359.61,Store A,Retail,0.0,Bob,1798.05,Online,FREESHIP,0,REG100615,Cust 6711,41.31,2023-10-24,2023-11-03,Sophie,10,False,True
2024-01-02,North,Tablet,15,115.48,Store A,Retail,0.15,Frank,1472.37,Credit Card,,0,REG100616,Cust 8653,6.04,2024-01-02,2024-01-12,Ryan,10,False,True
2024-09-17,South,Laptop,12,596.26,Store D,Wholesale,0.15,Eva,6081.852,Gift Card,WINTER15,0,REG100617,Cust 7937,28.27,2024-09-17,2024-09-25,Sophie,8,False,True
2024-05-14,West,Phone,6,370.08,Store D,Retail,0.15,Alice,1887.408,Online,SAVE10,0,REG100620,Cust 5382,7.39,2024-05-14,2024-05-22,Wendy,8,False,True
2025-05-19,East,Phone,5,271.44,Store A,Wholesale,0.15,Diana,1153.62,Debit Card,FREESHIP,0,REG100622,Cust 1767,5.98,2025-05-19,2025-05-27,Eric,8,False,True
2023-06-25,South,Desk,12,192.03,Store B,Wholesale,0.1,Carlos,2073.924,Credit Card,,0,REG100625,Cust 4446,41.08,2023-06-25,2023-07-03,Sophie,8,False,True
2024-07-10,South,Chair,20,504.22,Store D,Wholesale,0.0,Frank,10084.4,Online,WINTER15,0,REG100626,Cust 6107,14.61,2024-07-10,2024-07-19,Sophie,9,False,True
2023-01-06,East,Laptop,7,193.66,Store A,Wholesale,0.1,Diana,1220.058,Credit Card,FREESHIP,0,REG100627,Cust 3330,39.01,2023-01-06,2023-01-15,Eric,9,False,True
2023-12-11,Central,Tablet,18,62.08,Store B,Retail,0.0,Diana,1117.44,Credit Card,SAVE10,1,REG100629,Cust 7412,8.67,2023-12-11,2023-12-20,Cameron,9,False,True
2025-03-18,West,Tablet,4,62.46,Store D,Wholesale,0.15,Alice,212.364,Debit Card,WINTER15,0,REG100631,Cust 4825,31.91,2025-03-18,2025-03-26,Wendy,8,False,True
2023-12-13,Central,Tablet,11,133.08,Store A,Wholesale,0.15,Frank,1244.298,Credit Card,WINTER15,0,REG100637,Cust 7855,44.61,2023-12-13,2023-12-22,Cameron,9,False,True
2025-06-06,East,Desk,3,391.92,Store A,Wholesale,0.15,Alice,999.396,Debit Card,SAVE10,0,REG100642,Cust 7917,9.86,2025-06-06,2025-06-16,Eric,10,False,True
2023-08-27,East,Monitor,12,303.09,Store B,Wholesale,0.0,Alice,3637.08,Gift Card,WINTER15,1,REG100644,Cust 4715,5.48,2023-08-27,2023-09-03,Eric,7,False,True
2024-04-26,Central,Chair,12,591.92,Store D,Retail,0.0,Eva,7103.039999999999,Debit Card,SAVE10,0,REG100649,Cust 4009,25.2,2024-04-26,2024-05-06,Cameron,10,False,True
2023-01-01,East,Tablet,15,298.71,Store C,Retail,0.0,Bob,4480.65,Debit Card,SAVE10,0,REG100651,Cust 2446,11.38,2023-01-01,2023-01-08,Eric,7,False,True
2024-07-27,South,Laptop,8,493.09,Store A,Retail,0.05,Diana,3747.483999999999,Credit Card,FREESHIP,0,REG100654,Cust 1023,11.49,2024-07-27,2024-08-05,Sophie,9,False,True
2024-01-04,West,Tablet,1,103.13,Store B,Wholesale,0.0,Bob,103.13,Online,FREESHIP,0,REG100656,Cust 4798,42.38,2024-01-04,2024-01-14,Wendy,10,False,True
2023-02-09,East,Monitor,1,541.9,Store A,Retail,0.05,Eva,514.805,Cash,WINTER15,0,REG100657,Cust 8305,40.35,2023-02-09,2023-02-19,Eric,10,False,True
2023-02-21,Central,Desk,11,61.81,Store C,Retail,0.05,Bob,645.9145000000001,Gift Card,WINTER15,0,REG100659,Cust 3459,47.95,2023-02-21,2023-03-03,Cameron,10,False,True
2023-08-16,Central,Desk,8,355.15,Store B,Retail,0.1,Carlos,2557.08,Online,,1,REG100660,Cust 1187,38.59,2023-08-16,2023-08-24,Cameron,8,False,True
2023-11-03,West,Monitor,11,119.84,Store D,Wholesale,0.1,Eva,1186.416,Online,SAVE10,0,REG100661,Cust 7509,16.64,2023-11-03,2023-11-11,Wendy,8,False,True
2024-10-08,South,Desk,9,446.49,Store D,Wholesale,0.15,Carlos,3415.6485,Cash,FREESHIP,0,REG100663,Cust 5943,5.77,2024-10-08,2024-10-17,Sophie,9,False,True
2023-01-09,South,Desk,16,258.82,Store D,Retail,0.1,Diana,3727.008,Online,SAVE10,0,REG100664,Cust 8364,46.93,2023-01-09,2023-01-17,Sophie,8,False,True
2023-12-25,North,Printer,9,272.68,Store D,Wholesale,0.05,Eva,2331.414,Online,SAVE10,0,REG100665,Cust 8401,16.43,2023-12-25,2024-01-02,Ryan,8,False,True
2024-05-11,Central,Monitor,12,438.77,Store C,Retail,0.0,Eva,5265.24,Debit Card,SAVE10,0,REG100666,Cust 4047,9.31,2024-05-11,2024-05-20,Cameron,9,False,True
2024-11-24,Central,Chair,12,255.93,Store B,Retail,0.0,Eva,3071.16,Cash,WINTER15,0,REG100670,Cust 4090,23.74,2024-11-24,2024-12-04,Cameron,10,False,True
2025-02-01,South,Desk,5,38.23,Store C,Wholesale,0.15,Bob,162.4775,Debit Card,,0,REG100672,Cust 5648,21.06,2025-02-01,2025-02-11,Sophie,10,False,True
2023-08-06,Central,Desk,8,548.02,Store D,Retail,0.05,Eva,4164.951999999999,Online,,0,REG100674,Cust 9280,33.4,2023-08-06,2023-08-13,Cameron,7,False,True
2024-01-23,North,Printer,8,50.72,Store A,Wholesale,0.05,Carlos,385.472,Debit Card,,0,REG100677,Cust 7780,12.35,2024-01-23,2024-01-30,Ryan,7,False,True
2024-11-22,East,Chair,3,536.97,Store C,Wholesale,0.0,Carlos,1610.91,Debit Card,,0,REG100683,Cust 8372,13.86,2024-11-22,2024-12-01,Eric,9,False,True
2024-04-13,West,Chair,15,553.01,Store A,Retail,0.1,Carlos,7465.635,Credit Card,SAVE10,1,REG100684,Cust 1935,23.3,2024-04-13,2024-04-21,Wendy,8,False,True
2025-01-30,North,Phone,17,179.32,Store A,Retail,0.1,Bob,2743.596,Debit Card,SAVE10,1,REG100688,Cust 5760,26.74,2025-01-30,2025-02-06,Ryan,7,False,True
2023-05-17,South,Chair,1,396.35,Store B,Retail,0.15,Frank,336.8975,Debit Card,SAVE10,1,REG100689,Cust 3037,19.89,2023-05-17,2023-05-25,Sophie,8,False,True
2024-01-27,Central,Desk,17,108.48,Store A,Wholesale,0.1,Carlos,1659.744,Online,,1,REG100690,Cust 9828,48.9,2024-01-27,2024-02-05,Cameron,9,False,True
2025-05-26,East,Printer,10,149.67,Store D,Retail,0.1,Carlos,1347.03,Cash,FREESHIP,1,REG100691,Cust 5297,49.67,2025-05-26,2025-06-02,Eric,7,False,True
2025-03-09,North,Phone,1,506.41,Store D,Wholesale,0.0,Bob,506.41,Cash,,0,REG100692,Cust 6785,17.9,2025-03-09,2025-03-17,Ryan,8,False,True
2024-02-22,West,Tablet,6,345.9,Store B,Retail,0.15,Frank,1764.09,Credit Card,WINTER15,0,REG100693,Cust 1344,30.58,2024-02-22,2024-03-03,Wendy,10,False,True
2024-01-09,Central,Printer,11,404.88,Store A,Wholesale,0.05,Alice,4230.996,Gift Card,SAVE10,0,REG100695,Cust 3721,18.92,2024-01-09,2024-01-16,Cameron,7,False,True
2025-05-05,North,Desk,9,292.46,Store A,Wholesale,0.05,Carlos,2500.533,Credit Card,,0,REG100696,Cust 1486,34.26,2025-05-05,2025-05-14,Ryan,9,False,True
2024-11-24,South,Monitor,12,173.79,Store D,Retail,0.15,Eva,1772.658,Credit Card,,0,REG100701,Cust 3098,21.23,2024-11-24,2024-12-04,Sophie,10,False,True
2024-04-23,Central,Monitor,13,439.75,Store A,Wholesale,0.0,Frank,5716.75,Online,,1,REG100702,Cust 7942,12.23,2024-04-23,2024-05-02,Cameron,9,False,True
2024-11-11,Central,Desk,2,239.69,Store C,Retail,0.0,Diana,479.38,Credit Card,WINTER15,0,REG100706,Cust 9873,28.96,2024-11-11,2024-11-19,Cameron,8,False,True
2024-10-17,Central,Tablet,8,39.79,Store C,Retail,0.1,Bob,286.488,Credit Card,SAVE10,0,REG100707,Cust 3652,46.16,2024-10-17,2024-10-26,Cameron,9,False,True
2023-07-29,East,Laptop,18,175.81,Store C,Retail,0.0,Eva,3164.58,Gift Card,WINTER15,1,REG100709,Cust 5369,26.97,2023-07-29,2023-08-07,Eric,9,False,True
2025-03-10,North,Tablet,9,507.74,Store D,Retail,0.15,Bob,3884.211,Cash,FREESHIP,1,REG100712,Cust 1559,22.08,2025-03-10,2025-03-17,Ryan,7,False,True
2025-05-21,West,Monitor,1,319.49,Store C,Wholesale,0.15,Diana,271.5665,Online,FREESHIP,1,REG100715,Cust 9555,18.1,2025-05-21,2025-05-31,Wendy,10,False,True
2023-04-14,East,Laptop,20,87.47,Store B,Retail,0.0,Carlos,1749.4,Online,WINTER15,0,REG100718,Cust 5016,48.48,2023-04-14,2023-04-23,Eric,9,False,True
2024-05-20,North,Tablet,16,427.68,Store A,Retail,0.1,Carlos,6158.592000000001,Debit Card,,0,REG100721,Cust 4807,18.72,2024-05-20,2024-05-29,Ryan,9,False,True
2023-07-12,South,Chair,4,444.87,Store B,Retail,0.15,Carlos,1512.558,Online,FREESHIP,0,REG100725,Cust 4560,47.14,2023-07-12,2023-07-21,Sophie,9,False,True
2024-01-17,East,Laptop,7,322.11,Store C,Wholesale,0.1,Diana,2029.293,Debit Card,SAVE10,0,REG100730,Cust 1267,19.91,2024-01-17,2024-01-27,Eric,10,False,True
2025-04-05,Central,Monitor,2,231.96,Store B,Retail,0.1,Alice,417.528,Debit Card,,1,REG100731,Cust 8150,32.66,2025-04-05,2025-04-14,Cameron,9,False,True
2025-01-10,West,Tablet,3,98.15,Store D,Wholesale,0.15,Diana,250.2825,Debit Card,SAVE10,0,REG100735,Cust 7235,46.37,2025-01-10,2025-01-18,Wendy,8,False,True
2024-08-10,Central,Desk,4,529.03,Store B,Wholesale,0.05,Carlos,2010.314,Online,SAVE10,0,REG100738,Cust 5411,25.96,2024-08-10,2024-08-20,Cameron,10,False,True
2024-06-18,South,Chair,17,504.08,Store A,Wholesale,0.1,Diana,7712.424000000001,Online,SAVE10,0,REG100743,Cust 8018,26.47,2024-06-18,2024-06-26,Sophie,8,False,True
2024-10-29,South,Laptop,2,267.36,Store B,Wholesale,0.05,Frank,507.984,Online,,0,REG100745,Cust 7020,21.36,2024-10-29,2024-11-07,Sophie,9,False,True
2024-06-14,North,Monitor,19,596.03,Store C,Retail,0.15,Eva,9625.8845,Debit Card,,0,REG100750,Cust 2801,31.95,2024-06-14,2024-06-23,Ryan,9,False,True
2023-11-30,West,Desk,6,182.4,Store B,Wholesale,0.0,Alice,1094.4,Online,FREESHIP,1,REG100751,Cust 8206,49.49,2023-11-30,2023-12-09,Wendy,9,False,True
2024-04-21,North,Laptop,10,400.95,Store C,Retail,0.05,Carlos,3809.025,Online,,0,REG100752,Cust 5277,17.46,2024-04-21,2024-04-30,Ryan,9,False,True
2025-03-16,North,Tablet,12,260.31,Store C,Retail,0.1,Bob,2811.348,Cash,SAVE10,0,REG100755,Cust 7013,14.58,2025-03-16,2025-03-24,Ryan,8,False,True
2024-12-20,East,Laptop,2,548.72,Store A,Wholesale,0.1,Frank,987.696,Credit Card,FREESHIP,1,REG100757,Cust 5239,26.35,2024-12-20,2024-12-29,Eric,9,False,True
2023-08-22,North,Printer,8,343.53,Store A,Wholesale,0.0,Frank,2748.24,Cash,,0,REG100758,Cust 4703,16.1,2023-08-22,2023-09-01,Ryan,10,False,True
2023-03-04,North,Tablet,13,494.78,Store A,Wholesale,0.15,Diana,5467.319,Cash,FREESHIP,0,REG100759,Cust 7224,5.85,2023-03-04,2023-03-13,Ryan,9,False,True
2024-06-24,North,Laptop,9,36.62,Store B,Wholesale,0.1,Eva,296.622,Debit Card,FREESHIP,1,REG100760,Cust 4751,29.9,2024-06-24,2024-07-01,Ryan,7,False,True
2024-01-22,East,Printer,11,277.95,Store A,Retail,0.05,Frank,2904.5775,Gift Card,WINTER15,0,REG100764,Cust 2835,44.04,2024-01-22,2024-01-29,Eric,7,False,True
2025-03-12,East,Desk,14,554.08,Store A,Retail,0.05,Diana,7369.264,Cash,,0,REG100765,Cust 4286,36.72,2025-03-12,2025-03-21,Eric,9,False,True
2024-05-23,East,Desk,4,20.96,Store D,Wholesale,0.05,Bob,79.648,Online,FREESHIP,1,REG100767,Cust 5926,33.67,2024-05-23,2024-05-31,Eric,8,False,True
2023-08-07,West,Printer,5,596.97,Store A,Retail,0.0,Eva,2984.85,Cash,SAVE10,0,REG100772,Cust 3767,14.43,2023-08-07,2023-08-14,Wendy,7,False,True
2023-03-20,East,Chair,7,307.82,Store B,Wholesale,0.0,Eva,2154.74,Debit Card,WINTER15,1,REG100775,Cust 1254,14.0,2023-03-20,2023-03-27,Eric,7,False,True
2024-05-19,East,Desk,17,238.17,Store D,Wholesale,0.15,Frank,3441.5565,Cash,FREESHIP,0,REG100778,Cust 7725,21.64,2024-05-19,2024-05-29,Eric,10,False,True
2023-03-04,North,Printer,10,450.71,Store B,Retail,0.1,Bob,4056.389999999999,Gift Card,SAVE10,0,REG100779,Cust 9210,21.31,2023-03-04,2023-03-12,Ryan,8,False,True
2024-06-05,West,Phone,5,206.42,Store D,Retail,0.05,Alice,980.495,Debit Card,WINTER15,0,REG100782,Cust 3606,35.51,2024-06-05,2024-06-13,Wendy,8,False,True
2024-07-09,East,Printer,4,256.83,Store A,Wholesale,0.15,Carlos,873.2219999999999,Cash,,1,REG100783,Cust 5865,44.72,2024-07-09,2024-07-17,Eric,8,False,True
2025-06-21,South,Tablet,3,583.38,Store B,Retail,0.15,Diana,1487.619,Cash,WINTER15,1,REG100785,Cust 6113,30.12,2025-06-21,2025-06-30,Sophie,9,False,True
2025-04-05,West,Chair,19,267.03,Store D,Wholesale,0.15,Bob,4312.5345,Online,SAVE10,1,REG100787,Cust 3936,35.82,2025-04-05,2025-04-13,Wendy,8,False,True
2024-03-05,South,Printer,7,77.69,Store D,Wholesale,0.0,Carlos,543.8299999999999,Credit Card,SAVE10,0,REG100788,Cust 3937,41.89,2024-03-05,2024-03-12,Sophie,7,False,True
2024-11-16,West,Tablet,17,266.83,Store D,Retail,0.05,Frank,4309.304499999999,Credit Card,WINTER15,0,REG100791,Cust 8826,32.52,2024-11-16,2024-11-23,Wendy,7,False,True
2024-04-20,West,Chair,5,316.76,Store B,Retail,0.05,Alice,1504.61,Gift Card,FREESHIP,1,REG100793,Cust 2685,12.7,2024-04-20,2024-04-30,Wendy,10,False,True
2025-02-21,West,Chair,3,264.08,Store A,Retail,0.1,Diana,713.0160000000001,Online,,0,REG100796,Cust 8530,25.39,2025-02-21,2025-03-02,Wendy,9,False,True
2025-06-24,East,Tablet,5,137.56,Store C,Wholesale,0.15,Diana,584.63,Debit Card,SAVE10,0,REG100797,Cust 4522,6.45,2025-06-24,2025-07-01,Eric,7,False,True
2023-11-28,Central,Laptop,8,157.93,Store B,Retail,0.15,Diana,1073.924,Online,SAVE10,0,REG100798,Cust 9619,6.31,2023-11-28,2023-12-05,Cameron,7,False,True
2024-04-08,North,Desk,6,126.86,Store C,Wholesale,0.05,Eva,723.102,Debit Card,FREESHIP,0,REG100799,Cust 1637,35.49,2024-04-08,2024-04-17,Ryan,9,False,True
2025-01-07,North,Chair,15,240.05,Store C,Retail,0.05,Carlos,3420.7125,Credit Card,FREESHIP,0,REG100800,Cust 6914,14.31,2025-01-07,2025-01-14,Ryan,7,False,True
2023-02-24,South,Tablet,3,37.63,Store A,Wholesale,0.1,Carlos,101.601,Debit Card,FREESHIP,0,REG100801,Cust 5737,43.7,2023-02-24,2023-03-03,Sophie,7,False,True
2023-10-19,East,Chair,13,393.1,Store B,Wholesale,0.1,Alice,4599.27,Online,,0,REG100802,Cust 5301,12.64,2023-10-19,2023-10-26,Eric,7,False,True
2023-06-21,Central,Desk,10,110.07,Store B,Wholesale,0.0,Frank,1100.7,Credit Card,,0,REG100804,Cust 8480,18.47,2023-06-21,2023-06-29,Cameron,8,False,True
2025-01-03,Central,Desk,10,451.14,Store A,Retail,0.0,Bob,4511.4,Gift Card,FREESHIP,0,REG100806,Cust 7132,29.96,2025-01-03,2025-01-13,Cameron,10,False,True
2023-02-23,West,Printer,16,509.08,Store C,Wholesale,0.0,Carlos,8145.28,Online,FREESHIP,0,REG100807,Cust 4240,37.53,2023-02-23,2023-03-02,Wendy,7,False,True
2023-03-16,North,Monitor,14,565.45,Store D,Wholesale,0.1,Eva,7124.670000000001,Online,WINTER15,0,REG100810,Cust 1731,24.4,2023-03-16,2023-03-25,Ryan,9,False,True
2023-05-06,East,Desk,14,175.66,Store B,Wholesale,0.05,Bob,2336.278,Cash,SAVE10,0,REG100813,Cust 6830,26.12,2023-05-06,2023-05-14,Eric,8,False,True
2024-08-15,South,Tablet,3,437.97,Store C,Wholesale,0.05,Eva,1248.2145,Cash,SAVE10,1,REG100814,Cust 5351,23.29,2024-08-15,2024-08-22,Sophie,7,False,True
2023-08-23,South,Printer,12,411.59,Store B,Wholesale,0.15,Diana,4198.218,Cash,FREESHIP,0,REG100815,Cust 5845,19.17,2023-08-23,2023-08-31,Sophie,8,False,True
2025-04-13,South,Laptop,1,163.29,Store B,Retail,0.0,Diana,163.29,Credit Card,WINTER15,0,REG100816,Cust 7004,21.15,2025-04-13,2025-04-22,Sophie,9,False,True
2023-03-27,South,Desk,7,290.22,Store A,Retail,0.1,Alice,1828.386,Cash,WINTER15,0,REG100819,Cust 5826,33.15,2023-03-27,2023-04-04,Sophie,8,False,True
2023-06-21,North,Printer,11,577.1,Store C,Retail,0.15,Frank,5395.885,Cash,SAVE10,0,REG100821,Cust 9397,13.16,2023-06-21,2023-06-28,Ryan,7,False,True
2023-05-12,Central,Printer,10,50.1,Store A,Wholesale,0.1,Bob,450.9,Cash,FREESHIP,1,REG100822,Cust 6665,23.43,2023-05-12,2023-05-19,Cameron,7,False,True
2024-04-20,East,Printer,5,550.65,Store A,Retail,0.15,Bob,2340.2625,Gift Card,,0,REG100828,Cust 2899,16.82,2024-04-20,2024-04-27,Eric,7,False,True
2025-02-06,West,Printer,4,473.91,Store A,Retail,0.05,Eva,1800.858,Credit Card,SAVE10,0,REG100829,Cust 5322,29.22,2025-02-06,2025-02-14,Wendy,8,False,True
2024-11-01,North,Phone,2,437.04,Store C,Wholesale,0.0,Frank,874.08,Credit Card,SAVE10,1,REG100831,Cust 7487,37.37,2024-11-01,2024-11-08,Ryan,7,False,True
2024-08-12,West,Desk,5,448.86,Store C,Wholesale,0.15,Frank,1907.655,Credit Card,SAVE10,1,REG100832,Cust 5481,21.22,2024-08-12,2024-08-21,Wendy,9,False,True
2025-04-08,Central,Phone,14,299.94,Store D,Retail,0.0,Carlos,4199.16,Gift Card,FREESHIP,0,REG100833,Cust 3150,21.04,2025-04-08,2025-04-17,Cameron,9,False,True
2025-06-02,South,Printer,14,194.31,Store C,Wholesale,0.15,Frank,2312.289,Debit Card,FREESHIP,0,REG100838,Cust 9648,15.3,2025-06-02,2025-06-09,Sophie,7,False,True
2024-11-21,West,Phone,5,69.29,Store C,Wholesale,0.0,Carlos,346.45,Credit Card,,0,REG100839,Cust 1974,20.83,2024-11-21,2024-11-29,Wendy,8,False,True
2024-11-09,West,Monitor,7,83.32,Store D,Wholesale,0.05,Carlos,554.078,Cash,FREESHIP,0,REG100843,Cust 7788,23.4,2024-11-09,2024-11-17,Wendy,8,False,True
2023-12-29,South,Chair,18,491.76,Store A,Wholesale,0.15,Eva,7523.928,Credit Card,SAVE10,0,REG100849,Cust 5606,37.49,2023-12-29,2024-01-05,Sophie,7,False,True
2024-05-06,East,Chair,18,343.68,Store B,Retail,0.0,Eva,6186.24,Gift Card,SAVE10,0,REG100851,Cust 9517,20.37,2024-05-06,2024-05-14,Eric,8,False,True
2023-03-01,East,Phone,1,31.42,Store B,Retail,0.05,Bob,29.849,Credit Card,SAVE10,0,REG100854,Cust 1736,11.35,2023-03-01,2023-03-09,Eric,8,False,True
2023-04-29,North,Chair,9,90.87,Store D,Retail,0.15,Carlos,695.1555,Debit Card,WINTER15,0,REG100857,Cust 6525,26.56,2023-04-29,2023-05-08,Ryan,9,False,True
2023-03-22,North,Printer,17,194.97,Store A,Retail,0.15,Carlos,2817.3165,Gift Card,SAVE10,1,REG100860,Cust 4035,5.59,2023-03-22,2023-03-30,Ryan,8,False,True
2023-09-05,East,Monitor,5,367.61,Store C,Retail,0.0,Alice,1838.05,Credit Card,SAVE10,0,REG100861,Cust 1654,19.55,2023-09-05,2023-09-13,Eric,8,False,True
2023-02-26,East,Laptop,17,575.5,Store D,Retail,0.05,Alice,9294.325,Debit Card,FREESHIP,0,REG100862,Cust 1823,13.42,2023-02-26,2023-03-05,Eric,7,False,True
2024-03-22,Central,Laptop,6,453.86,Store B,Retail,0.15,Alice,2314.686,Credit Card,,0,REG100866,Cust 9508,45.32,2024-03-22,2024-03-31,Cameron,9,False,True
2023-04-22,South,Tablet,19,537.7,Store D,Wholesale,0.0,Bob,10216.3,Online,SAVE10,0,REG100867,Cust 1186,45.83,2023-04-22,2023-05-02,Sophie,10,False,True
2024-10-04,East,Tablet,12,181.96,Store D,Retail,0.15,Eva,1855.992,Gift Card,WINTER15,0,REG100871,Cust 6428,25.06,2024-10-04,2024-10-11,Eric,7,False,True
2025-02-23,West,Chair,18,403.68,Store A,Retail,0.15,Carlos,6176.304,Cash,FREESHIP,0,REG100878,Cust 8050,13.09,2025-02-23,2025-03-04,Wendy,9,False,True
2023-02-22,East,Printer,14,346.57,Store B,Retail,0.1,Carlos,4366.782,Debit Card,FREESHIP,0,REG100879,Cust 2434,36.83,2023-02-22,2023-03-02,Eric,8,False,True
2024-10-18,North,Printer,7,392.79,Store C,Wholesale,0.0,Eva,2749.53,Gift Card,WINTER15,0,REG100880,Cust 9089,45.85,2024-10-18,2024-10-28,Ryan,10,False,True
2024-12-09,Central,Monitor,19,62.07,Store D,Retail,0.1,Diana,1061.397,Debit Card,FREESHIP,0,REG100885,Cust 8602,14.85,2024-12-09,2024-12-19,Cameron,10,False,True
2023-05-10,Central,Tablet,11,529.2,Store A,Wholesale,0.05,Bob,5530.14,Credit Card,,1,REG100886,Cust 9131,16.78,2023-05-10,2023-05-20,Cameron,10,False,True
2024-10-10,South,Chair,8,72.48,Store A,Wholesale,0.1,Carlos,521.856,Debit Card,,1,REG100889,Cust 4472,26.92,2024-10-10,2024-10-17,Sophie,7,False,True
2023-05-05,West,Chair,16,541.96,Store C,Retail,0.1,Eva,7804.224000000001,Cash,SAVE10,1,REG100893,Cust 3511,9.93,2023-05-05,2023-05-13,Wendy,8,False,True
2025-03-08,South,Monitor,16,217.74,Store A,Wholesale,0.15,Frank,2961.264,Cash,FREESHIP,1,REG100895,Cust 2840,25.11,2025-03-08,2025-03-15,Sophie,7,False,True
2023-01-17,North,Printer,15,19.17,Store A,Wholesale,0.0,Carlos,287.55,Gift Card,FREESHIP,1,REG100896,Cust 3811,48.93,2023-01-17,2023-01-27,Ryan,10,False,True
2023-08-28,South,Phone,11,393.61,Store D,Wholesale,0.05,Frank,4113.2245,Debit Card,WINTER15,0,REG100900,Cust 1756,32.57,2023-08-28,2023-09-06,Sophie,9,False,True
2023-08-01,North,Printer,8,141.28,Store D,Wholesale,0.05,Frank,1073.728,Online,FREESHIP,0,REG100901,Cust 8150,28.69,2023-08-01,2023-08-10,Ryan,9,False,True
2025-02-12,West,Phone,13,227.64,Store C,Retail,0.15,Frank,2515.422,Cash,FREESHIP,1,REG100902,Cust 8999,46.67,2025-02-12,2025-02-20,Wendy,8,False,True
2024-05-05,West,Desk,16,301.07,Store B,Retail,0.1,Carlos,4335.408,Gift Card,WINTER15,0,REG100905,Cust 2482,5.58,2024-05-05,2024-05-14,Wendy,9,False,True
2024-01-08,South,Monitor,13,285.28,Store D,Retail,0.0,Eva,3708.639999999999,Gift Card,SAVE10,0,REG100906,Cust 4078,31.2,2024-01-08,2024-01-15,Sophie,7,False,True
2025-04-03,North,Laptop,12,276.42,Store C,Retail,0.15,Carlos,2819.484,Online,,0,REG100909,Cust 5042,30.57,2025-04-03,2025-04-12,Ryan,9,False,True
2025-01-15,North,Desk,18,375.83,Store C,Retail,0.1,Carlos,6088.446,Gift Card,,0,REG100912,Cust 6993,15.13,2025-01-15,2025-01-23,Ryan,8,False,True
2024-02-26,East,Monitor,13,585.88,Store B,Retail,0.15,Carlos,6473.973999999999,Credit Card,WINTER15,0,REG100914,Cust 3082,42.18,2024-02-26,2024-03-07,Eric,10,False,True
2024-06-27,South,Chair,12,369.54,Store B,Retail,0.05,Diana,4212.756,Debit Card,WINTER15,1,REG100917,Cust 7034,39.16,2024-06-27,2024-07-05,Sophie,8,False,True
2024-05-20,South,Monitor,13,284.3,Store A,Wholesale,0.05,Bob,3511.105,Online,WINTER15,0,REG100918,Cust 7218,48.73,2024-05-20,2024-05-27,Sophie,7,False,True
2024-11-06,East,Monitor,11,200.3,Store D,Retail,0.1,Eva,1982.97,Debit Card,WINTER15,1,REG100920,Cust 1252,48.27,2024-11-06,2024-11-13,Eric,7,False,True
2025-02-12,North,Printer,4,75.8,Store C,Retail,0.15,Carlos,257.72,Credit Card,SAVE10,0,REG100921,Cust 6679,12.22,2025-02-12,2025-02-20,Ryan,8,False,True
2024-08-18,North,Tablet,19,181.18,Store A,Wholesale,0.05,Carlos,3270.299,Credit Card,FREESHIP,0,REG100923,Cust 9361,12.04,2024-08-18,2024-08-26,Ryan,8,False,True
2025-04-28,North,Laptop,6,81.96,Store D,Wholesale,0.05,Diana,467.172,Credit Card,WINTER15,0,REG100925,Cust 3049,26.43,2025-04-28,2025-05-08,Ryan,10,False,True
2025-02-20,South,Chair,19,586.49,Store A,Wholesale,0.1,Eva,10028.979,Cash,SAVE10,0,REG100933,Cust 1469,19.85,2025-02-20,2025-03-02,Sophie,10,False,True
2024-11-10,East,Laptop,6,62.43,Store A,Wholesale,0.0,Diana,374.58,Gift Card,WINTER15,0,REG100937,Cust 7891,17.85,2024-11-10,2024-11-18,Eric,8,False,True
2024-02-21,East,Desk,5,34.06,Store D,Wholesale,0.05,Diana,161.785,Gift Card,,0,REG100939,Cust 9045,19.72,2024-02-21,2024-03-02,Eric,10,False,True
2024-05-05,South,Printer,3,89.72,Store D,Wholesale,0.1,Alice,242.244,Gift Card,WINTER15,0,REG100941,Cust 6920,32.67,2024-05-05,2024-05-13,Sophie,8,False,True
2025-01-04,South,Chair,2,194.97,Store A,Retail,0.0,Diana,389.94,Credit Card,SAVE10,0,REG100943,Cust 4189,9.89,2025-01-04,2025-01-14,Sophie,10,False,True
2024-12-23,Central,Printer,12,171.91,Store B,Retail,0.05,Eva,1959.774,Credit Card,WINTER15,0,REG100944,Cust 6267,34.36,2024-12-23,2025-01-02,Cameron,10,False,True
2023-01-29,Central,Laptop,17,535.88,Store A,Wholesale,0.05,Bob,8654.462,Gift Card,,0,REG100945,Cust 7753,26.12,2023-01-29,2023-02-08,Cameron,10,False,True
2025-02-21,North,Phone,13,135.98,Store C,Wholesale,0.0,Frank,1767.74,Online,WINTER15,0,REG100949,Cust 7195,28.35,2025-02-21,2025-03-01,Ryan,8,False,True
2024-03-29,East,Monitor,6,509.48,Store B,Wholesale,0.0,Alice,3056.88,Debit Card,WINTER15,0,REG100951,Cust 8931,35.92,2024-03-29,2024-04-06,Eric,8,False,True
2024-01-25,North,Printer,2,27.43,Store B,Retail,0.15,Frank,46.631,Online,WINTER15,0,REG100956,Cust 1211,6.15,2024-01-25,2024-02-01,Ryan,7,False,True
2025-05-31,South,Monitor,3,390.28,Store B,Retail,0.0,Frank,1170.84,Online,WINTER15,1,REG100959,Cust 9338,45.22,2025-05-31,2025-06-10,Sophie,10,False,True
2023-07-14,North,Chair,12,116.96,Store D,Wholesale,0.0,Alice,1403.52,Gift Card,WINTER15,0,REG100962,Cust 7088,22.04,2023-07-14,2023-07-22,Ryan,8,False,True
2025-02-02,West,Tablet,11,155.49,Store D,Retail,0.05,Frank,1624.8705,Cash,,0,REG100964,Cust 9046,47.01,2025-02-02,2025-02-12,Wendy,10,False,True
2024-05-06,South,Printer,20,270.2,Store A,Wholesale,0.0,Diana,5404.0,Credit Card,WINTER15,0,REG100965,Cust 6859,6.8,2024-05-06,2024-05-15,Sophie,9,False,True
2025-01-29,North,Laptop,11,431.51,Store C,Wholesale,0.1,Carlos,4271.949,Debit Card,SAVE10,0,REG100967,Cust 1146,22.83,2025-01-29,2025-02-05,Ryan,7,False,True
2024-04-11,West,Chair,19,344.92,Store C,Wholesale,0.0,Eva,6553.48,Cash,WINTER15,0,REG100969,Cust 8519,6.91,2024-04-11,2024-04-20,Wendy,9,False,True
2024-05-03,Central,Chair,7,511.46,Store C,Retail,0.1,Eva,3222.198,Cash,FREESHIP,0,REG100970,Cust 3422,19.2,2024-05-03,2024-05-12,Cameron,9,False,True
2024-10-14,East,Monitor,7,150.6,Store A,Wholesale,0.15,Bob,896.07,Cash,WINTER15,1,REG100971,Cust 9638,15.52,2024-10-14,2024-10-21,Eric,7,False,True
2023-03-03,North,Chair,16,571.26,Store C,Wholesale,0.15,Bob,7769.136,Gift Card,SAVE10,0,REG100974,Cust 7808,6.13,2023-03-03,2023-03-12,Ryan,9,False,True
2025-04-30,Central,Laptop,5,563.7,Store A,Retail,0.0,Bob,2818.5,Online,SAVE10,0,REG100976,Cust 7348,29.28,2025-04-30,2025-05-07,Cameron,7,False,True
2024-08-26,North,Monitor,9,364.88,Store C,Wholesale,0.05,Bob,3119.724,Cash,SAVE10,0,REG100978,Cust 4002,40.26,2024-08-26,2024-09-05,Ryan,10,False,True
2023-11-10,South,Monitor,7,368.27,Store C,Wholesale,0.15,Carlos,2191.2065,Online,WINTER15,0,REG100979,Cust 6675,28.98,2023-11-10,2023-11-20,Sophie,10,False,True
2023-03-30,Central,Tablet,10,338.75,Store A,Wholesale,0.15,Carlos,2879.375,Cash,WINTER15,1,REG100983,Cust 7758,36.56,2023-03-30,2023-04-06,Cameron,7,False,True
2024-03-04,North,Desk,2,239.04,Store A,Wholesale,0.0,Bob,478.08,Debit Card,SAVE10,1,REG100984,Cust 3396,43.84,2024-03-04,2024-03-11,Ryan,7,False,True
2024-09-20,West,Monitor,6,551.13,Store D,Retail,0.0,Carlos,3306.78,Gift Card,FREESHIP,0,REG100986,Cust 1113,14.67,2024-09-20,2024-09-29,Wendy,9,False,True
2025-01-17,North,Laptop,3,448.77,Store A,Retail,0.0,Alice,1346.31,Online,FREESHIP,0,REG100993,Cust 7367,28.5,2025-01-17,2025-01-24,Ryan,7,False,True
2023-06-23,Central,Laptop,16,594.1,Store D,Retail,0.0,Bob,9505.6,Gift Card,FREESHIP,0,REG100995,Cust 6368,18.2,2023-06-23,2023-07-01,Cameron,8,False,True
2024-06-26,East,Chair,20,75.45,Store B,Wholesale,0.05,Eva,1433.55,Credit Card,SAVE10,0,REG100997,Cust 1983,44.77,2024-06-26,2024-07-06,Eric,10,False,True
2024-02-21,East,Laptop,15,112.82,Store B,Wholesale,0.05,Frank,1607.685,Credit Card,WINTER15,0,REG100999,Cust 1901,18.21,2024-02-21,2024-03-01,Eric,9,False,True
2023-07-18,East,Desk,3,121.56,Store D,Wholesale,0.0,Eva,364.68,Debit Card,WINTER15,0,REG101000,Cust 9682,29.06,2023-07-18,2023-07-25,Eric,7,False,True
2024-09-03,East,Desk,1,561.3,Store D,Retail,0.15,Frank,477.105,Gift Card,,0,REG101003,Cust 9379,5.19,2024-09-03,2024-09-12,Eric,9,False,True
2025-02-22,West,Printer,7,178.26,Store C,Retail,0.15,Bob,1060.647,Online,FREESHIP,0,REG101004,Cust 4722,44.91,2025-02-22,2025-03-01,Wendy,7,False,True
2024-12-20,Central,Tablet,2,458.25,Store B,Wholesale,0.0,Eva,916.5,Gift Card,SAVE10,0,REG101006,Cust 7255,25.94,2024-12-20,2024-12-29,Cameron,9,False,True
2023-09-03,North,Desk,16,440.48,Store B,Retail,0.05,Frank,6695.296,Cash,FREESHIP,1,REG101009,Cust 2561,26.87,2023-09-03,2023-09-10,Ryan,7,False,True
2023-06-18,East,Tablet,15,124.91,Store A,Wholesale,0.1,Eva,1686.285,Gift Card,FREESHIP,0,REG101011,Cust 2860,31.95,2023-06-18,2023-06-26,Eric,8,False,True
2024-09-29,South,Laptop,12,204.15,Store C,Retail,0.05,Alice,2327.31,Debit Card,FREESHIP,1,REG101013,Cust 6075,26.4,2024-09-29,2024-10-07,Sophie,8,False,True
2024-02-25,East,Laptop,20,13.64,Store C,Retail,0.15,Frank,231.88,Credit Card,SAVE10,0,REG101014,Cust 4337,33.6,2024-02-25,2024-03-04,Eric,8,False,True
2024-03-21,North,Printer,14,524.9,Store C,Wholesale,0.05,Alice,6981.169999999999,Cash,FREESHIP,1,REG101015,Cust 2540,20.23,2024-03-21,2024-03-30,Ryan,9,False,True
2023-01-10,West,Chair,14,250.98,Store C,Retail,0.0,Eva,3513.72,Debit Card,,0,REG101018,Cust 3286,14.94,2023-01-10,2023-01-18,Wendy,8,False,True
2025-04-10,North,Printer,11,204.5,Store A,Retail,0.0,Eva,2249.5,Debit Card,WINTER15,0,REG101020,Cust 8706,13.82,2025-04-10,2025-04-20,Ryan,10,False,True
2024-02-14,East,Tablet,1,542.63,Store A,Retail,0.05,Carlos,515.4984999999999,Credit Card,,0,REG101021,Cust 2608,33.2,2024-02-14,2024-02-21,Eric,7,False,True
2023-09-12,West,Chair,10,419.58,Store A,Wholesale,0.15,Eva,3566.43,Debit Card,FREESHIP,0,REG101023,Cust 3892,13.09,2023-09-12,2023-09-19,Wendy,7,False,True
2023-05-17,East,Desk,7,87.88,Store C,Wholesale,0.15,Alice,522.886,Online,WINTER15,1,REG101024,Cust 6979,22.2,2023-05-17,2023-05-26,Eric,9,False,True
2025-05-09,North,Desk,4,242.8,Store D,Wholesale,0.05,Diana,922.64,Debit Card,FREESHIP,0,REG101026,Cust 9311,30.03,2025-05-09,2025-05-18,Ryan,9,False,True
2024-08-01,South,Chair,3,10.93,Store D,Wholesale,0.15,Eva,27.8715,Cash,FREESHIP,0,REG101028,Cust 6145,19.01,2024-08-01,2024-08-10,Sophie,9,False,True
2024-05-22,East,Monitor,6,535.38,Store C,Wholesale,0.15,Alice,2730.438,Online,,0,REG101031,Cust 3472,48.66,2024-05-22,2024-05-29,Eric,7,False,True
2024-06-19,South,Printer,9,88.49,Store D,Wholesale,0.05,Diana,756.5894999999999,Online,,0,REG101037,Cust 2770,35.6,2024-06-19,2024-06-26,Sophie,7,False,True
2023-03-21,West,Desk,19,322.35,Store D,Wholesale,0.1,Alice,5512.185,Debit Card,WINTER15,0,REG101039,Cust 1580,30.06,2023-03-21,2023-03-31,Wendy,10,False,True
2023-10-31,South,Laptop,3,88.26,Store D,Wholesale,0.05,Bob,251.541,Debit Card,FREESHIP,0,REG101043,Cust 6348,46.45,2023-10-31,2023-11-07,Sophie,7,False,True
2023-07-11,West,Phone,13,50.51,Store D,Wholesale,0.1,Alice,590.967,Debit Card,WINTER15,0,REG101044,Cust 5210,40.57,2023-07-11,2023-07-18,Wendy,7,False,True
2023-05-19,South,Monitor,11,237.99,Store D,Wholesale,0.05,Bob,2486.9955,Debit Card,FREESHIP,0,REG101045,Cust 7325,44.7,2023-05-19,2023-05-28,Sophie,9,False,True
2023-03-24,West,Desk,8,384.3,Store C,Wholesale,0.1,Frank,2766.96,Gift Card,FREESHIP,0,REG101047,Cust 7773,48.83,2023-03-24,2023-04-03,Wendy,10,False,True
2024-06-21,Central,Tablet,14,542.6,Store C,Retail,0.05,Eva,7216.58,Debit Card,,0,REG101052,Cust 2137,44.76,2024-06-21,2024-06-30,Cameron,9,False,True
2025-04-09,North,Printer,3,238.82,Store C,Retail,0.1,Bob,644.8140000000001,Gift Card,WINTER15,0,REG101053,Cust 4537,37.07,2025-04-09,2025-04-18,Ryan,9,False,True
2025-01-11,North,Tablet,16,332.19,Store C,Retail,0.1,Eva,4783.536,Credit Card,SAVE10,1,REG101054,Cust 6274,34.97,2025-01-11,2025-01-19,Ryan,8,False,True
2024-07-13,Central,Printer,9,454.6,Store D,Wholesale,0.05,Carlos,3886.83,Debit Card,,0,REG101055,Cust 3810,32.86,2024-07-13,2024-07-20,Cameron,7,False,True
2023-03-16,North,Phone,20,436.32,Store D,Retail,0.0,Diana,8726.4,Credit Card,FREESHIP,1,REG101059,Cust 6523,37.49,2023-03-16,2023-03-26,Ryan,10,False,True
2023-07-26,North,Laptop,18,436.83,Store A,Wholesale,0.1,Bob,7076.646,Credit Card,SAVE10,0,REG101060,Cust 1947,28.8,2023-07-26,2023-08-02,Ryan,7,False,True
2023-07-10,East,Monitor,2,327.57,Store A,Retail,0.05,Diana,622.3829999999999,Debit Card,,0,REG101061,Cust 3440,19.49,2023-07-10,2023-07-19,Eric,9,False,True
2024-08-06,East,Printer,18,166.92,Store C,Wholesale,0.05,Alice,2854.332,Gift Card,WINTER15,0,REG101062,Cust 4102,9.35,2024-08-06,2024-08-16,Eric,10,False,True
2024-01-31,North,Printer,5,232.29,Store A,Wholesale,0.0,Alice,1161.45,Online,,1,REG101064,Cust 5206,42.38,2024-01-31,2024-02-09,Ryan,9,False,True
2024-08-25,Central,Laptop,12,461.3,Store D,Wholesale,0.15,Diana,4705.26,Gift Card,FREESHIP,0,REG101067,Cust 7492,8.6,2024-08-25,2024-09-03,Cameron,9,False,True
2025-05-13,South,Laptop,6,214.14,Store D,Wholesale,0.05,Diana,1220.598,Cash,FREESHIP,0,REG101070,Cust 8762,44.86,2025-05-13,2025-05-21,Sophie,8,False,True
2023-10-29,North,Phone,4,59.8,Store D,Retail,0.1,Frank,215.28,Online,FREESHIP,0,REG101071,Cust 4004,42.59,2023-10-29,2023-11-06,Ryan,8,False,True
2023-05-04,East,Phone,20,42.12,Store B,Wholesale,0.15,Alice,716.04,Credit Card,,0,REG101074,Cust 9561,43.22,2023-05-04,2023-05-12,Eric,8,False,True
2023-05-24,West,Monitor,3,366.65,Store D,Wholesale,0.0,Carlos,1099.95,Credit Card,SAVE10,0,REG101075,Cust 3496,33.6,2023-05-24,2023-05-31,Wendy,7,False,True
2023-02-03,West,Monitor,19,534.92,Store D,Retail,0.0,Diana,10163.48,Online,,0,REG101076,Cust 4085,26.97,2023-02-03,2023-02-13,Wendy,10,False,True
2023-12-25,East,Chair,1,494.52,Store D,Retail,0.0,Bob,494.52,Credit Card,,0,REG101077,Cust 1921,43.02,2023-12-25,2024-01-02,Eric,8,False,True
2024-06-06,Central,Monitor,12,489.14,Store D,Retail,0.15,Bob,4989.228,Online,SAVE10,0,REG101079,Cust 9345,29.31,2024-06-06,2024-06-15,Cameron,9,False,True
2024-11-03,North,Printer,17,99.76,Store C,Wholesale,0.0,Diana,1695.92,Online,FREESHIP,1,REG101081,Cust 1762,21.89,2024-11-03,2024-11-13,Ryan,10,False,True
2024-02-03,North,Printer,14,575.66,Store C,Wholesale,0.1,Frank,7253.316,Credit Card,,0,REG101082,Cust 7060,32.53,2024-02-03,2024-02-11,Ryan,8,False,True
2023-01-10,East,Desk,13,347.73,Store B,Wholesale,0.05,Diana,4294.465499999999,Gift Card,FREESHIP,1,REG101088,Cust 3321,31.81,2023-01-10,2023-01-20,Eric,10,False,True
2025-05-09,Central,Chair,3,371.21,Store C,Wholesale,0.1,Eva,1002.267,Gift Card,SAVE10,0,REG101089,Cust 6554,20.02,2025-05-09,2025-05-18,Cameron,9,False,True
2024-04-08,East,Printer,12,434.33,Store A,Wholesale,0.15,Bob,4430.166,Cash,FREESHIP,0,REG101090,Cust 6855,15.33,2024-04-08,2024-04-16,Eric,8,False,True
2025-05-06,East,Monitor,16,426.65,Store A,Retail,0.1,Diana,6143.76,Gift Card,,0,REG101091,Cust 9955,10.2,2025-05-06,2025-05-15,Eric,9,False,True
2023-05-21,West,Desk,6,294.97,Store A,Wholesale,0.05,Bob,1681.329,Credit Card,WINTER15,0,REG101092,Cust 3320,48.08,2023-05-21,2023-05-29,Wendy,8,False,True
2023-11-23,Central,Phone,12,130.9,Store D,Retail,0.15,Alice,1335.18,Debit Card,SAVE10,0,REG101093,Cust 8177,34.69,2023-11-23,2023-11-30,Cameron,7,False,True
2024-03-26,North,Monitor,18,539.98,Store C,Retail,0.15,Eva,8261.694,Cash,FREESHIP,1,REG101094,Cust 1743,34.44,2024-03-26,2024-04-05,Ryan,10,False,True
2024-09-25,South,Desk,12,149.37,Store D,Retail,0.1,Bob,1613.196,Credit Card,,0,REG101095,Cust 3719,20.21,2024-09-25,2024-10-02,Sophie,7,False,True
2024-12-15,South,Laptop,17,506.38,Store B,Wholesale,0.0,Carlos,8608.46,Cash,WINTER15,1,REG101098,Cust 5928,33.36,2024-12-15,2024-12-23,Sophie,8,False,True
2024-10-03,North,Desk,19,25.61,Store B,Retail,0.0,Bob,486.59,Gift Card,,0,REG101099,Cust 1904,30.32,2024-10-03,2024-10-11,Ryan,8,False,True
2023-09-03,South,Desk,4,467.45,Store C,Wholesale,0.05,Frank,1776.31,Gift Card,WINTER15,0,REG101100,Cust 8062,25.05,2023-09-03,2023-09-13,Sophie,10,False,True
2023-01-29,North,Printer,10,140.5,Store B,Retail,0.15,Carlos,1194.25,Online,FREESHIP,0,REG101101,Cust 8150,43.81,2023-01-29,2023-02-05,Ryan,7,False,True
2024-06-12,North,Phone,8,57.85,Store D,Wholesale,0.0,Frank,462.8,Online,WINTER15,1,REG101102,Cust 3275,49.82,2024-06-12,2024-06-20,Ryan,8,False,True
2024-11-24,North,Monitor,9,539.64,Store A,Retail,0.15,Alice,4128.246,Gift Card,,0,REG101103,Cust 3854,16.08,2024-11-24,2024-12-03,Ryan,9,False,True
2024-08-21,Central,Tablet,11,143.85,Store A,Wholesale,0.1,Eva,1424.115,Debit Card,FREESHIP,0,REG101105,Cust 4026,6.85,2024-08-21,2024-08-30,Cameron,9,False,True
2023-05-24,West,Monitor,4,323.63,Store C,Retail,0.1,Carlos,1165.068,Credit Card,FREESHIP,0,REG101106,Cust 5794,32.92,2023-05-24,2023-06-01,Wendy,8,False,True
2025-02-16,East,Monitor,12,108.35,Store A,Wholesale,0.0,Diana,1300.2,Online,FREESHIP,0,REG101109,Cust 1857,42.06,2025-02-16,2025-02-25,Eric,9,False,True
2024-03-14,East,Desk,16,544.91,Store B,Retail,0.1,Frank,7846.704,Credit Card,FREESHIP,0,REG101111,Cust 8378,39.26,2024-03-14,2024-03-21,Eric,7,False,True
2024-01-29,North,Desk,19,113.42,Store A,Retail,0.0,Eva,2154.98,Debit Card,WINTER15,0,REG101112,Cust 3069,44.96,2024-01-29,2024-02-07,Ryan,9,False,True
2024-07-08,North,Tablet,18,448.03,Store B,Retail,0.15,Frank,6854.858999999999,Cash,WINTER15,1,REG101114,Cust 6167,13.23,2024-07-08,2024-07-17,Ryan,9,False,True
2024-08-20,North,Monitor,15,208.51,Store A,Retail,0.05,Carlos,2971.267499999999,Gift Card,,0,REG101115,Cust 2453,37.81,2024-08-20,2024-08-29,Ryan,9,False,True
2023-08-20,Central,Desk,1,182.11,Store A,Retail,0.1,Carlos,163.899,Credit Card,WINTER15,0,REG101118,Cust 1819,7.31,2023-08-20,2023-08-27,Cameron,7,False,True
2024-10-28,West,Desk,7,466.36,Store D,Wholesale,0.05,Bob,3101.294,Online,SAVE10,1,REG101119,Cust 1300,11.45,2024-10-28,2024-11-06,Wendy,9,False,True
2024-11-11,East,Printer,15,140.54,Store A,Wholesale,0.1,Eva,1897.29,Credit Card,SAVE10,0,REG101120,Cust 3807,49.91,2024-11-11,2024-11-21,Eric,10,False,True
2023-12-07,West,Desk,17,460.31,Store A,Retail,0.15,Diana,6651.4795,Online,WINTER15,0,REG101121,Cust 6633,40.18,2023-12-07,2023-12-15,Wendy,8,False,True
2024-03-23,West,Laptop,5,132.87,Store B,Retail,0.0,Bob,664.35,Debit Card,WINTER15,0,REG101122,Cust 6573,37.91,2024-03-23,2024-04-02,Wendy,10,False,True
2023-03-18,North,Chair,11,335.11,Store C,Retail,0.0,Frank,3686.21,Gift Card,FREESHIP,0,REG101125,Cust 3708,29.95,2023-03-18,2023-03-26,Ryan,8,False,True
2025-03-16,East,Laptop,14,459.61,Store B,Retail,0.05,Frank,6112.813,Online,,1,REG101128,Cust 2438,43.41,2025-03-16,2025-03-26,Eric,10,False,True
2025-04-25,South,Chair,12,31.72,Store B,Retail,0.0,Alice,380.64,Debit Card,SAVE10,0,REG101132,Cust 5362,30.78,2025-04-25,2025-05-03,Sophie,8,False,True
2023-09-06,Central,Phone,17,588.58,Store D,Wholesale,0.05,Diana,9505.567,Debit Card,SAVE10,1,REG101133,Cust 1670,25.31,2023-09-06,2023-09-13,Cameron,7,False,True
2024-07-20,North,Desk,5,202.12,Store A,Retail,0.1,Diana,909.54,Online,FREESHIP,1,REG101138,Cust 2453,45.61,2024-07-20,2024-07-28,Ryan,8,False,True
2023-05-20,North,Desk,4,334.57,Store C,Retail,0.15,Carlos,1137.538,Gift Card,,0,REG101139,Cust 4210,11.49,2023-05-20,2023-05-27,Ryan,7,False,True
2023-07-23,East,Desk,6,358.27,Store B,Retail,0.1,Frank,1934.658,Gift Card,,0,REG101143,Cust 9982,7.34,2023-07-23,2023-08-02,Eric,10,False,True
2023-09-17,North,Phone,6,437.59,Store D,Wholesale,0.05,Diana,2494.263,Gift Card,WINTER15,1,REG101146,Cust 3377,39.4,2023-09-17,2023-09-26,Ryan,9,False,True
2025-02-15,North,Printer,19,118.09,Store D,Wholesale,0.1,Alice,2019.339,Online,SAVE10,0,REG101147,Cust 3125,10.77,2025-02-15,2025-02-23,Ryan,8,False,True
2025-01-17,South,Desk,9,96.97,Store D,Retail,0.15,Bob,741.8205,Credit Card,WINTER15,1,REG101152,Cust 6824,30.87,2025-01-17,2025-01-24,Sophie,7,False,True
2023-12-06,North,Tablet,17,218.04,Store D,Wholesale,0.15,Bob,3150.678,Cash,,0,REG101153,Cust 3172,16.0,2023-12-06,2023-12-16,Ryan,10,False,True
2024-01-13,South,Desk,12,103.59,Store A,Retail,0.1,Frank,1118.772,Debit Card,FREESHIP,0,REG101163,Cust 9880,48.11,2024-01-13,2024-01-21,Sophie,8,False,True
2023-10-23,West,Chair,20,19.3,Store C,Wholesale,0.0,Bob,386.0,Debit Card,SAVE10,0,REG101166,Cust 4205,47.23,2023-10-23,2023-11-01,Wendy,9,False,True
2023-04-26,South,Laptop,17,504.63,Store A,Wholesale,0.1,Carlos,7720.838999999999,Online,WINTER15,1,REG101169,Cust 1199,48.33,2023-04-26,2023-05-06,Sophie,10,False,True
2024-03-04,West,Tablet,11,97.84,Store B,Retail,0.05,Alice,1022.428,Debit Card,SAVE10,1,REG101170,Cust 2928,45.97,2024-03-04,2024-03-12,Wendy,8,False,True
2024-03-03,North,Phone,2,160.73,Store A,Wholesale,0.15,Frank,273.241,Cash,FREESHIP,0,REG101173,Cust 7587,20.18,2024-03-03,2024-03-11,Ryan,8,False,True
2024-12-30,East,Tablet,19,336.5,Store B,Wholesale,0.0,Alice,6393.5,Online,WINTER15,0,REG101175,Cust 8284,27.43,2024-12-30,2025-01-07,Eric,8,False,True
2023-09-07,Central,Printer,1,431.49,Store C,Wholesale,0.15,Alice,366.7665,Cash,SAVE10,0,REG101177,Cust 5215,17.53,2023-09-07,2023-09-15,Cameron,8,False,True
2025-02-17,South,Chair,11,381.14,Store B,Retail,0.05,Frank,3982.913,Gift Card,FREESHIP,0,REG101181,Cust 7529,32.83,2025-02-17,2025-02-27,Sophie,10,False,True
2024-01-07,North,Chair,5,454.62,Store C,Wholesale,0.05,Diana,2159.445,Gift Card,,0,REG101182,Cust 6172,10.19,2024-01-07,2024-01-15,Ryan,8,False,True
2024-01-03,West,Laptop,2,132.91,Store A,Wholesale,0.0,Bob,265.82,Debit Card,WINTER15,0,REG101184,Cust 1970,7.76,2024-01-03,2024-01-12,Wendy,9,False,True
2025-05-16,North,Desk,6,451.93,Store A,Wholesale,0.15,Eva,2304.843,Cash,WINTER15,1,REG101186,Cust 2957,49.37,2025-05-16,2025-05-25,Ryan,9,False,True
2023-03-12,Central,Tablet,17,515.12,Store D,Wholesale,0.15,Bob,7443.484,Credit Card,SAVE10,1,REG101189,Cust 9159,32.74,2023-03-12,2023-03-22,Cameron,10,False,True
2023-10-06,North,Phone,12,11.95,Store A,Retail,0.05,Carlos,136.23,Online,,0,REG101193,Cust 9438,26.66,2023-10-06,2023-10-16,Ryan,10,False,True
2023-09-11,East,Desk,7,67.05,Store D,Wholesale,0.1,Carlos,422.415,Cash,FREESHIP,0,REG101194,Cust 9092,36.67,2023-09-11,2023-09-18,Eric,7,False,True
2024-06-23,North,Monitor,9,36.21,Store C,Wholesale,0.15,Bob,277.0065,Credit Card,FREESHIP,0,REG101197,Cust 5771,6.71,2024-06-23,2024-06-30,Ryan,7,False,True
2023-03-30,West,Printer,10,52.58,Store B,Wholesale,0.1,Eva,473.22,Cash,WINTER15,0,REG101198,Cust 4317,14.01,2023-03-30,2023-04-09,Wendy,10,False,True
2024-10-05,East,Phone,6,272.26,Store A,Retail,0.1,Carlos,1470.204,Debit Card,SAVE10,0,REG101199,Cust 3627,43.67,2024-10-05,2024-10-15,Eric,10,False,True
2023-03-19,Central,Chair,10,124.97,Store D,Retail,0.15,Eva,1062.245,Gift Card,WINTER15,1,REG101200,Cust 4433,40.23,2023-03-19,2023-03-29,Cameron,10,False,True
2024-12-18,Central,Laptop,20,282.91,Store A,Wholesale,0.15,Frank,4809.47,Debit Card,FREESHIP,0,REG101202,Cust 8987,8.19,2024-12-18,2024-12-28,Cameron,10,False,True
2024-08-04,North,Laptop,16,293.44,Store D,Wholesale,0.05,Diana,4460.288,Gift Card,SAVE10,0,REG101206,Cust 2951,42.56,2024-08-04,2024-08-14,Ryan,10,False,True
2023-08-02,South,Laptop,11,66.97,Store A,Retail,0.15,Bob,626.1695,Gift Card,FREESHIP,1,REG101216,Cust 7066,20.35,2023-08-02,2023-08-11,Sophie,9,False,True
2024-11-29,North,Monitor,15,570.0,Store D,Wholesale,0.05,Frank,8122.5,Gift Card,,0,REG101218,Cust 6246,7.62,2024-11-29,2024-12-09,Ryan,10,False,True
2023-07-21,North,Monitor,9,587.79,Store D,Wholesale,0.15,Bob,4496.5935,Online,,0,REG101219,Cust 4182,24.64,2023-07-21,2023-07-31,Ryan,10,False,True
2024-07-04,East,Monitor,6,421.97,Store B,Wholesale,0.05,Bob,2405.229,Cash,WINTER15,0,REG101224,Cust 9804,41.31,2024-07-04,2024-07-13,Eric,9,False,True
2024-07-04,East,Tablet,5,225.69,Store A,Wholesale,0.15,Carlos,959.1825,Gift Card,WINTER15,0,REG101225,Cust 3990,47.6,2024-07-04,2024-07-12,Eric,8,False,True
2023-01-11,East,Monitor,13,515.42,Store D,Retail,0.0,Bob,6700.459999999999,Online,FREESHIP,0,REG101229,Cust 5342,43.37,2023-01-11,2023-01-20,Eric,9,False,True
2023-10-06,West,Printer,2,474.13,Store D,Wholesale,0.0,Carlos,948.26,Gift Card,FREESHIP,1,REG101233,Cust 9778,14.41,2023-10-06,2023-10-15,Wendy,9,False,True
2024-02-20,South,Phone,1,67.38,Store D,Retail,0.15,Alice,57.273,Credit Card,WINTER15,0,REG101235,Cust 8126,6.14,2024-02-20,2024-02-27,Sophie,7,False,True
2023-01-30,West,Chair,15,274.3,Store B,Retail,0.15,Frank,3497.325,Credit Card,,0,REG101236,Cust 4609,21.56,2023-01-30,2023-02-08,Wendy,9,False,True
2023-05-12,South,Monitor,2,334.48,Store B,Wholesale,0.0,Alice,668.96,Debit Card,,0,REG101237,Cust 1449,31.53,2023-05-12,2023-05-20,Sophie,8,False,True
2025-05-18,North,Desk,8,505.34,Store B,Retail,0.05,Bob,3840.584,Debit Card,,0,REG101246,Cust 4061,22.88,2025-05-18,2025-05-27,Ryan,9,False,True
2025-01-27,North,Tablet,8,352.72,Store C,Retail,0.05,Carlos,2680.672,Cash,,0,REG101248,Cust 2435,30.8,2025-01-27,2025-02-04,Ryan,8,False,True
2023-11-26,East,Laptop,9,526.26,Store B,Retail,0.0,Bob,4736.34,Cash,FREESHIP,0,REG101249,Cust 6785,15.47,2023-11-26,2023-12-06,Eric,10,False,True
2023-01-17,North,Chair,18,108.46,Store D,Wholesale,0.05,Frank,1854.666,Online,SAVE10,0,REG101251,Cust 6960,10.72,2023-01-17,2023-01-24,Ryan,7,False,True
2025-05-03,North,Desk,13,420.68,Store D,Wholesale,0.05,Frank,5195.398,Online,,0,REG101252,Cust 1135,24.51,2025-05-03,2025-05-11,Ryan,8,False,True
2025-01-05,North,Printer,17,5.91,Store A,Wholesale,0.15,Eva,85.3995,Online,SAVE10,0,REG101253,Cust 6186,44.85,2025-01-05,2025-01-13,Ryan,8,False,True
2024-02-20,East,Phone,4,452.77,Store B,Retail,0.0,Diana,1811.08,Debit Card,SAVE10,0,REG101254,Cust 8828,32.01,2024-02-20,2024-03-01,Eric,10,False,True
2023-12-26,North,Monitor,7,157.0,Store A,Wholesale,0.15,Alice,934.15,Online,SAVE10,1,REG101255,Cust 9097,39.72,2023-12-26,2024-01-04,Ryan,9,False,True
2024-09-13,North,Chair,5,172.65,Store C,Wholesale,0.15,Alice,733.7624999999999,Cash,SAVE10,0,REG101257,Cust 4287,28.3,2024-09-13,2024-09-22,Ryan,9,False,True
2024-01-02,East,Tablet,16,145.3,Store B,Wholesale,0.0,Eva,2324.8,Credit Card,FREESHIP,1,REG101258,Cust 2236,29.64,2024-01-02,2024-01-12,Eric,10,False,True
2025-02-08,South,Printer,10,67.38,Store C,Retail,0.1,Diana,606.42,Gift Card,FREESHIP,1,REG101259,Cust 5312,20.58,2025-02-08,2025-02-18,Sophie,10,False,True
2025-03-04,South,Printer,15,141.13,Store D,Wholesale,0.0,Carlos,2116.95,Cash,SAVE10,0,REG101260,Cust 5096,19.63,2025-03-04,2025-03-12,Sophie,8,False,True
2024-03-12,Central,Tablet,1,534.61,Store D,Retail,0.05,Frank,507.8795,Online,SAVE10,0,REG101261,Cust 1162,22.68,2024-03-12,2024-03-21,Cameron,9,False,True
2025-01-05,North,Laptop,8,275.32,Store D,Retail,0.1,Diana,1982.304,Cash,SAVE10,0,REG101263,Cust 6213,18.26,2025-01-05,2025-01-13,Ryan,8,False,True
2024-03-21,East,Phone,3,105.73,Store D,Retail,0.05,Bob,301.3305,Debit Card,FREESHIP,1,REG101264,Cust 7659,12.12,2024-03-21,2024-03-28,Eric,7,False,True
2024-04-30,West,Chair,19,433.39,Store C,Retail,0.05,Bob,7822.689499999999,Online,WINTER15,0,REG101267,Cust 2410,7.59,2024-04-30,2024-05-09,Wendy,9,False,True
2024-11-25,North,Monitor,14,574.32,Store D,Wholesale,0.15,Diana,6834.408,Credit Card,SAVE10,0,REG101272,Cust 5693,12.07,2024-11-25,2024-12-05,Ryan,10,False,True
2023-08-01,West,Printer,19,67.49,Store C,Retail,0.0,Frank,1282.31,Debit Card,SAVE10,0,REG101275,Cust 8300,32.04,2023-08-01,2023-08-11,Wendy,10,False,True
2023-12-21,West,Monitor,7,257.01,Store D,Retail,0.05,Eva,1709.1165,Credit Card,,0,REG101278,Cust 9717,35.52,2023-12-21,2023-12-28,Wendy,7,False,True
2023-08-12,South,Chair,8,28.34,Store C,Wholesale,0.05,Alice,215.384,Cash,,1,REG101284,Cust 1276,23.19,2023-08-12,2023-08-19,Sophie,7,False,True
2024-12-12,West,Printer,17,495.13,Store D,Wholesale,0.1,Alice,7575.489,Online,FREESHIP,1,REG101285,Cust 6063,26.37,2024-12-12,2024-12-21,Wendy,9,False,True
2025-06-01,East,Desk,7,122.2,Store B,Retail,0.0,Carlos,855.4,Credit Card,,0,REG101288,Cust 4398,30.21,2025-06-01,2025-06-10,Eric,9,False,True
2023-02-08,East,Tablet,4,224.75,Store D,Wholesale,0.0,Frank,899.0,Debit Card,,0,REG101290,Cust 2148,43.86,2023-02-08,2023-02-16,Eric,8,False,True
2025-04-24,Central,Desk,16,509.71,Store C,Wholesale,0.1,Carlos,7339.824,Cash,,0,REG101291,Cust 4107,41.78,2025-04-24,2025-05-03,Cameron,9,False,True
2024-09-01,North,Tablet,14,297.56,Store B,Wholesale,0.1,Diana,3749.256,Debit Card,FREESHIP,0,REG101292,Cust 4450,31.44,2024-09-01,2024-09-08,Ryan,7,False,True
2023-04-10,West,Chair,6,543.89,Store C,Retail,0.0,Bob,3263.34,Cash,,1,REG101295,Cust 1496,13.19,2023-04-10,2023-04-20,Wendy,10,False,True
2024-12-26,South,Desk,12,578.86,Store D,Retail,0.15,Frank,5904.371999999999,Cash,FREESHIP,0,REG101299,Cust 2111,25.84,2024-12-26,2025-01-03,Sophie,8,False,True
2025-01-23,East,Tablet,7,196.88,Store C,Retail,0.0,Diana,1378.16,Debit Card,SAVE10,0,REG101300,Cust 9506,44.92,2025-01-23,2025-01-31,Eric,8,False,True
2024-03-25,South,Phone,7,446.32,Store B,Wholesale,0.1,Alice,2811.816,Debit Card,,0,REG101301,Cust 2341,47.23,2024-03-25,2024-04-01,Sophie,7,False,True
2025-03-04,Central,Tablet,11,447.38,Store D,Wholesale,0.0,Alice,4921.18,Gift Card,SAVE10,0,REG101302,Cust 7035,36.72,2025-03-04,2025-03-11,Cameron,7,False,True
2024-09-19,Central,Desk,2,27.64,Store B,Retail,0.15,Frank,46.988,Credit Card,FREESHIP,0,REG101304,Cust 3291,21.73,2024-09-19,2024-09-28,Cameron,9,False,True
2024-01-23,North,Desk,19,360.06,Store C,Wholesale,0.05,Eva,6499.083,Debit Card,FREESHIP,0,REG101307,Cust 3106,33.19,2024-01-23,2024-01-31,Ryan,8,False,True
2023-06-13,East,Laptop,7,535.2,Store C,Retail,0.1,Frank,3371.760000000001,Debit Card,,0,REG101308,Cust 9606,10.44,2023-06-13,2023-06-23,Eric,10,False,True
2025-02-07,South,Laptop,16,172.89,Store B,Wholesale,0.15,Diana,2351.304,Credit Card,FREESHIP,1,REG101311,Cust 9628,41.87,2025-02-07,2025-02-15,Sophie,8,False,True
2023-10-18,North,Phone,5,48.06,Store A,Wholesale,0.0,Alice,240.3,Gift Card,FREESHIP,0,REG101312,Cust 3831,19.17,2023-10-18,2023-10-26,Ryan,8,False,True
2024-01-02,Central,Desk,7,55.76,Store C,Wholesale,0.1,Alice,351.288,Online,,0,REG101313,Cust 7955,38.98,2024-01-02,2024-01-11,Cameron,9,False,True
2025-03-08,South,Laptop,4,24.58,Store B,Wholesale,0.15,Carlos,83.57199999999999,Debit Card,WINTER15,0,REG101314,Cust 3939,39.87,2025-03-08,2025-03-17,Sophie,9,False,True
2023-11-15,North,Tablet,17,275.89,Store B,Wholesale,0.1,Bob,4221.117,Gift Card,FREESHIP,0,REG101316,Cust 2477,15.43,2023-11-15,2023-11-22,Ryan,7,False,True
2024-02-10,West,Desk,9,130.57,Store C,Wholesale,0.1,Eva,1057.617,Cash,WINTER15,0,REG101317,Cust 3781,37.14,2024-02-10,2024-02-17,Wendy,7,False,True
2025-04-09,West,Monitor,12,312.72,Store C,Retail,0.0,Eva,3752.64,Gift Card,,0,REG101318,Cust 2641,18.46,2025-04-09,2025-04-19,Wendy,10,False,True
2023-03-19,East,Phone,13,374.05,Store D,Wholesale,0.05,Diana,4619.5175,Debit Card,FREESHIP,0,REG101320,Cust 4494,26.32,2023-03-19,2023-03-26,Eric,7,False,True
2025-05-15,East,Chair,10,492.24,Store A,Retail,0.0,Alice,4922.4,Gift Card,WINTER15,0,REG101323,Cust 4732,38.89,2025-05-15,2025-05-22,Eric,7,False,True
2024-02-06,South,Desk,17,141.76,Store D,Wholesale,0.1,Bob,2168.928,Cash,WINTER15,1,REG101325,Cust 2165,9.98,2024-02-06,2024-02-14,Sophie,8,False,True
2024-02-19,North,Tablet,18,203.73,Store B,Wholesale,0.0,Carlos,3667.14,Gift Card,SAVE10,1,REG101328,Cust 5249,24.98,2024-02-19,2024-02-28,Ryan,9,False,True
2023-05-07,North,Phone,7,82.91,Store A,Retail,0.05,Eva,551.3515,Debit Card,WINTER15,1,REG101331,Cust 7703,17.03,2023-05-07,2023-05-17,Ryan,10,False,True
2023-12-12,North,Phone,13,468.16,Store B,Retail,0.15,Alice,5173.168,Cash,SAVE10,0,REG101332,Cust 8367,29.11,2023-12-12,2023-12-21,Ryan,9,False,True
2024-03-29,East,Chair,1,378.36,Store A,Retail,0.05,Eva,359.442,Cash,,0,REG101334,Cust 4732,7.59,2024-03-29,2024-04-07,Eric,9,False,True
2024-07-28,West,Tablet,6,61.06,Store D,Wholesale,0.0,Bob,366.36,Debit Card,SAVE10,1,REG101335,Cust 1007,49.09,2024-07-28,2024-08-05,Wendy,8,False,True
2024-07-11,South,Tablet,14,98.06,Store A,Wholesale,0.1,Alice,1235.556,Debit Card,SAVE10,1,REG101336,Cust 1946,10.34,2024-07-11,2024-07-21,Sophie,10,False,True
2024-07-05,West,Laptop,16,123.86,Store A,Wholesale,0.15,Alice,1684.496,Gift Card,,1,REG101337,Cust 6347,18.02,2024-07-05,2024-07-14,Wendy,9,False,True
2023-09-08,East,Tablet,20,293.94,Store B,Retail,0.15,Alice,4996.98,Credit Card,SAVE10,0,REG101341,Cust 5690,9.29,2023-09-08,2023-09-15,Eric,7,False,True
2023-08-03,South,Chair,5,163.55,Store D,Retail,0.05,Frank,776.8625,Cash,,0,REG101343,Cust 7676,28.9,2023-08-03,2023-08-10,Sophie,7,False,True
2025-02-11,North,Monitor,12,141.61,Store B,Wholesale,0.0,Frank,1699.32,Credit Card,WINTER15,0,REG101344,Cust 4442,11.72,2025-02-11,2025-02-21,Ryan,10,False,True
2024-02-05,Central,Monitor,14,463.96,Store D,Retail,0.15,Diana,5521.124,Gift Card,,0,REG101346,Cust 7832,29.19,2024-02-05,2024-02-14,Cameron,9,False,True
2024-03-17,South,Desk,10,68.27,Store A,Wholesale,0.15,Diana,580.295,Credit Card,,0,REG101347,Cust 7753,24.33,2024-03-17,2024-03-27,Sophie,10,False,True
2023-03-31,North,Tablet,9,78.8,Store D,Retail,0.1,Alice,638.28,Online,FREESHIP,0,REG101349,Cust 9878,9.29,2023-03-31,2023-04-10,Ryan,10,False,True
2024-03-21,North,Tablet,20,336.29,Store C,Retail,0.0,Eva,6725.8,Gift Card,FREESHIP,0,REG101353,Cust 4389,25.02,2024-03-21,2024-03-30,Ryan,9,False,True
2025-05-05,North,Monitor,1,21.75,Store C,Retail,0.0,Alice,21.75,Cash,FREESHIP,0,REG101355,Cust 6509,7.35,2025-05-05,2025-05-14,Ryan,9,False,True
2023-02-08,West,Tablet,13,149.16,Store C,Retail,0.1,Eva,1745.172,Cash,,1,REG101356,Cust 4270,20.9,2023-02-08,2023-02-16,Wendy,8,False,True
2023-05-26,Central,Chair,7,220.9,Store A,Wholesale,0.15,Bob,1314.355,Gift Card,FREESHIP,0,REG101357,Cust 4414,15.25,2023-05-26,2023-06-05,Cameron,10,False,True
2024-07-15,East,Chair,1,364.27,Store A,Retail,0.1,Alice,327.843,Debit Card,WINTER15,0,REG101358,Cust 6409,8.91,2024-07-15,2024-07-22,Eric,7,False,True
2024-12-18,North,Monitor,9,306.42,Store C,Wholesale,0.0,Bob,2757.78,Online,,0,REG101359,Cust 1621,15.81,2024-12-18,2024-12-27,Ryan,9,False,True
2024-09-29,North,Tablet,18,589.0,Store B,Wholesale,0.1,Diana,9541.8,Cash,WINTER15,0,REG101360,Cust 6790,37.78,2024-09-29,2024-10-08,Ryan,9,False,True
2024-10-25,South,Desk,16,249.45,Store C,Wholesale,0.1,Alice,3592.08,Cash,FREESHIP,0,REG101361,Cust 4045,20.92,2024-10-25,2024-11-01,Sophie,7,False,True
2025-01-06,North,Monitor,20,440.32,Store C,Retail,0.05,Alice,8366.08,Debit Card,SAVE10,1,REG101362,Cust 1258,6.17,2025-01-06,2025-01-16,Ryan,10,False,True
2024-03-30,South,Monitor,2,441.18,Store B,Retail,0.15,Bob,750.006,Cash,,1,REG101365,Cust 9881,23.07,2024-03-30,2024-04-06,Sophie,7,False,True
2025-01-06,North,Printer,13,483.63,Store A,Retail,0.05,Carlos,5972.830499999999,Cash,FREESHIP,0,REG101367,Cust 9189,18.22,2025-01-06,2025-01-15,Ryan,9,False,True
2024-02-07,East,Printer,10,452.21,Store A,Retail,0.1,Eva,4069.889999999999,Cash,WINTER15,0,REG101369,Cust 8707,15.87,2024-02-07,2024-02-17,Eric,10,False,True
2023-08-24,East,Laptop,4,520.0,Store A,Retail,0.0,Eva,2080.0,Credit Card,WINTER15,0,REG101371,Cust 6036,18.25,2023-08-24,2023-09-02,Eric,9,False,True
2023-05-12,South,Tablet,4,397.02,Store A,Wholesale,0.0,Frank,1588.08,Cash,FREESHIP,0,REG101374,Cust 5420,23.25,2023-05-12,2023-05-20,Sophie,8,False,True
2023-04-23,Central,Tablet,9,340.44,Store D,Retail,0.05,Carlos,2910.762,Debit Card,FREESHIP,1,REG101376,Cust 4365,36.68,2023-04-23,2023-05-03,Cameron,10,False,True
2025-05-11,North,Phone,13,169.39,Store B,Wholesale,0.15,Diana,1871.7595,Credit Card,,0,REG101378,Cust 9020,6.81,2025-05-11,2025-05-21,Ryan,10,False,True
2024-12-23,West,Tablet,10,170.72,Store A,Wholesale,0.05,Frank,1621.84,Online,FREESHIP,0,REG101379,Cust 2667,29.18,2024-12-23,2025-01-02,Wendy,10,False,True
2023-08-20,West,Desk,9,323.77,Store A,Wholesale,0.15,Carlos,2476.8405,Debit Card,,0,REG101380,Cust 6158,6.36,2023-08-20,2023-08-28,Wendy,8,False,True
2024-01-16,Central,Phone,4,78.05,Store A,Retail,0.0,Carlos,312.2,Credit Card,,0,REG101382,Cust 8572,14.03,2024-01-16,2024-01-24,Cameron,8,False,True
2024-05-29,East,Tablet,6,57.4,Store C,Wholesale,0.1,Eva,309.96,Debit Card,FREESHIP,0,REG101383,Cust 1043,26.42,2024-05-29,2024-06-08,Eric,10,False,True
2024-08-17,East,Phone,7,106.88,Store C,Retail,0.05,Diana,710.752,Cash,WINTER15,1,REG101386,Cust 4390,26.12,2024-08-17,2024-08-24,Eric,7,False,True
2024-06-02,South,Printer,2,250.98,Store B,Wholesale,0.1,Eva,451.764,Online,WINTER15,0,REG101387,Cust 9451,18.8,2024-06-02,2024-06-12,Sophie,10,False,True
2023-03-31,South,Monitor,8,591.29,Store C,Retail,0.1,Diana,4257.288,Credit Card,,1,REG101388,Cust 5335,45.14,2023-03-31,2023-04-10,Sophie,10,False,True
2023-03-13,North,Printer,12,260.76,Store C,Wholesale,0.15,Carlos,2659.752,Online,,0,REG101391,Cust 9436,20.92,2023-03-13,2023-03-22,Ryan,9,False,True
2024-06-05,North,Chair,5,473.28,Store A,Retail,0.0,Diana,2366.4,Credit Card,SAVE10,1,REG101393,Cust 5620,30.69,2024-06-05,2024-06-15,Ryan,10,False,True
2024-09-21,North,Phone,10,269.29,Store C,Retail,0.0,Eva,2692.9,Debit Card,SAVE10,0,REG101395,Cust 8828,14.09,2024-09-21,2024-09-30,Ryan,9,False,True
2025-06-22,East,Tablet,5,414.58,Store B,Retail,0.1,Diana,1865.61,Gift Card,,0,REG101402,Cust 2571,14.98,2025-06-22,2025-07-01,Eric,9,False,True
2025-01-19,Central,Tablet,4,68.04,Store C,Wholesale,0.0,Bob,272.16,Online,FREESHIP,0,REG101403,Cust 6301,18.72,2025-01-19,2025-01-28,Cameron,9,False,True
2023-09-18,South,Printer,14,268.32,Store D,Retail,0.0,Frank,3756.48,Online,WINTER15,0,REG101407,Cust 7302,43.14,2023-09-18,2023-09-27,Sophie,9,False,True
2025-04-05,Central,Tablet,19,350.12,Store D,Retail,0.05,Alice,6319.665999999999,Credit Card,FREESHIP,0,REG101408,Cust 6716,48.98,2025-04-05,2025-04-13,Cameron,8,False,True
2024-06-28,East,Monitor,1,577.07,Store C,Wholesale,0.05,Frank,548.2165,Online,WINTER15,0,REG101410,Cust 4652,22.97,2024-06-28,2024-07-06,Eric,8,False,True
2025-05-07,East,Laptop,1,421.26,Store D,Retail,0.1,Eva,379.134,Debit Card,FREESHIP,0,REG101413,Cust 1287,36.34,2025-05-07,2025-05-15,Eric,8,False,True
2024-06-24,South,Laptop,19,254.03,Store C,Wholesale,0.0,Frank,4826.57,Online,SAVE10,1,REG101415,Cust 4018,11.21,2024-06-24,2024-07-02,Sophie,8,False,True
2024-04-01,West,Desk,7,241.35,Store B,Wholesale,0.1,Diana,1520.505,Credit Card,SAVE10,0,REG101417,Cust 6620,42.43,2024-04-01,2024-04-10,Wendy,9,False,True
2024-06-04,North,Tablet,11,160.37,Store B,Wholesale,0.05,Carlos,1675.8665,Cash,,0,REG101418,Cust 4092,36.05,2024-06-04,2024-06-14,Ryan,10,False,True
2023-03-30,East,Tablet,1,419.1,Store B,Wholesale,0.1,Carlos,377.1900000000001,Gift Card,SAVE10,1,REG101419,Cust 4812,38.81,2023-03-30,2023-04-06,Eric,7,False,True
2025-05-11,Central,Chair,16,305.21,Store A,Wholesale,0.1,Alice,4395.023999999999,Debit Card,SAVE10,0,REG101423,Cust 6361,33.37,2025-05-11,2025-05-19,Cameron,8,False,True
2023-12-11,North,Printer,16,438.71,Store C,Retail,0.0,Alice,7019.36,Online,,0,REG101424,Cust 4228,6.53,2023-12-11,2023-12-21,Ryan,10,False,True
2023-05-10,East,Phone,18,580.42,Store A,Wholesale,0.05,Bob,9925.182,Online,SAVE10,0,REG101426,Cust 4392,37.81,2023-05-10,2023-05-17,Eric,7,False,True
2024-06-22,Central,Monitor,18,91.55,Store C,Retail,0.1,Alice,1483.11,Debit Card,FREESHIP,0,REG101427,Cust 4404,32.54,2024-06-22,2024-06-29,Cameron,7,False,True
2025-03-29,West,Tablet,13,113.78,Store C,Wholesale,0.1,Eva,1331.226,Online,FREESHIP,0,REG101428,Cust 2981,28.07,2025-03-29,2025-04-07,Wendy,9,False,True
2023-07-04,East,Phone,6,346.86,Store C,Retail,0.05,Eva,1977.102,Gift Card,FREESHIP,0,REG101432,Cust 6600,29.18,2023-07-04,2023-07-12,Eric,8,False,True
2023-04-20,North,Desk,6,529.1,Store D,Wholesale,0.0,Eva,3174.6,Debit Card,WINTER15,0,REG101434,Cust 1563,5.13,2023-04-20,2023-04-27,Ryan,7,False,True
2024-12-16,South,Monitor,4,557.17,Store C,Wholesale,0.05,Frank,2117.246,Credit Card,,0,REG101437,Cust 4354,32.16,2024-12-16,2024-12-25,Sophie,9,False,True
2024-10-24,Central,Printer,9,459.65,Store B,Retail,0.1,Bob,3723.165,Gift Card,WINTER15,1,REG101438,Cust 1462,22.24,2024-10-24,2024-11-01,Cameron,8,False,True
2024-03-31,South,Laptop,13,428.59,Store D,Retail,0.0,Bob,5571.67,Cash,FREESHIP,0,REG101440,Cust 6542,23.89,2024-03-31,2024-04-08,Sophie,8,False,True
2023-09-20,South,Tablet,17,477.38,Store C,Retail,0.05,Alice,7709.687,Gift Card,FREESHIP,0,REG101442,Cust 4386,35.28,2023-09-20,2023-09-27,Sophie,7,False,True
2023-06-27,South,Chair,3,261.6,Store D,Retail,0.05,Diana,745.5600000000001,Cash,WINTER15,0,REG101443,Cust 6708,42.11,2023-06-27,2023-07-07,Sophie,10,False,True
2025-04-16,North,Printer,15,99.66,Store A,Wholesale,0.0,Eva,1494.9,Cash,FREESHIP,0,REG101445,Cust 3477,27.55,2025-04-16,2025-04-26,Ryan,10,False,True
2024-07-09,Central,Laptop,16,55.56,Store D,Wholesale,0.15,Frank,755.616,Cash,,1,REG101446,Cust 6646,17.81,2024-07-09,2024-07-17,Cameron,8,False,True
2025-06-23,East,Phone,20,243.47,Store A,Wholesale,0.05,Alice,4625.929999999999,Gift Card,FREESHIP,1,REG101447,Cust 4250,32.28,2025-06-23,2025-07-03,Eric,10,False,True
2024-06-09,East,Tablet,11,185.59,Store B,Retail,0.1,Carlos,1837.341,Gift Card,,0,REG101448,Cust 5351,45.19,2024-06-09,2024-06-18,Eric,9,False,True
2023-04-12,West,Chair,15,242.35,Store D,Wholesale,0.15,Diana,3089.9625,Cash,WINTER15,1,REG101451,Cust 3944,14.92,2023-04-12,2023-04-19,Wendy,7,False,True
2024-12-17,North,Desk,3,82.09,Store B,Retail,0.15,Eva,209.3295,Gift Card,WINTER15,1,REG101452,Cust 6124,12.63,2024-12-17,2024-12-26,Ryan,9,False,True
2024-09-15,East,Laptop,17,341.52,Store C,Wholesale,0.1,Eva,5225.256,Credit Card,FREESHIP,0,REG101454,Cust 1135,16.67,2024-09-15,2024-09-22,Eric,7,False,True
2023-01-02,South,Laptop,7,61.47,Store C,Retail,0.15,Eva,365.7465,Online,FREESHIP,0,REG101457,Cust 2394,14.44,2023-01-02,2023-01-12,Sophie,10,False,True
2023-10-19,North,Desk,15,434.44,Store B,Wholesale,0.0,Bob,6516.6,Debit Card,,1,REG101458,Cust 8495,33.86,2023-10-19,2023-10-28,Ryan,9,False,True
2025-01-31,North,Printer,13,223.44,Store B,Retail,0.15,Carlos,2469.012,Credit Card,,1,REG101461,Cust 5086,38.46,2025-01-31,2025-02-07,Ryan,7,False,True
2025-03-27,East,Phone,11,548.08,Store D,Wholesale,0.05,Eva,5727.436,Cash,,0,REG101462,Cust 8858,25.82,2025-03-27,2025-04-06,Eric,10,False,True
2024-12-19,Central,Laptop,15,150.15,Store C,Retail,0.0,Frank,2252.25,Online,WINTER15,0,REG101468,Cust 8054,35.94,2024-12-19,2024-12-29,Cameron,10,False,True
2025-06-30,South,Phone,20,444.77,Store B,Wholesale,0.1,Diana,8005.86,Online,,1,REG101472,Cust 5635,20.05,2025-06-30,2025-07-07,Sophie,7,False,True
2025-03-14,Central,Printer,10,212.1,Store B,Retail,0.15,Eva,1802.85,Gift Card,WINTER15,0,REG101473,Cust 4360,47.93,2025-03-14,2025-03-22,Cameron,8,False,True
2023-04-18,South,Phone,9,509.44,Store B,Retail,0.15,Eva,3897.216,Credit Card,SAVE10,0,REG101474,Cust 1624,13.0,2023-04-18,2023-04-27,Sophie,9,False,True
2024-09-11,West,Monitor,8,236.17,Store C,Wholesale,0.15,Frank,1605.956,Cash,WINTER15,0,REG101475,Cust 6593,22.88,2024-09-11,2024-09-19,Wendy,8,False,True
2023-11-21,Central,Printer,1,147.4,Store D,Retail,0.0,Carlos,147.4,Cash,SAVE10,1,REG101476,Cust 9072,40.47,2023-11-21,2023-11-28,Cameron,7,False,True
2024-02-29,West,Tablet,8,279.74,Store B,Retail,0.05,Alice,2126.024,Gift Card,FREESHIP,0,REG101477,Cust 1116,33.1,2024-02-29,2024-03-07,Wendy,7,False,True
2024-09-11,South,Tablet,9,238.32,Store C,Retail,0.0,Diana,2144.88,Cash,WINTER15,1,REG101479,Cust 5409,8.5,2024-09-11,2024-09-20,Sophie,9,False,True
2025-05-30,North,Monitor,6,159.53,Store A,Retail,0.05,Bob,909.321,Gift Card,,0,REG101481,Cust 7857,48.6,2025-05-30,2025-06-07,Ryan,8,False,True
2023-03-16,North,Monitor,17,485.3,Store D,Retail,0.15,Diana,7012.585,Cash,WINTER15,0,REG101484,Cust 8015,37.94,2023-03-16,2023-03-23,Ryan,7,False,True
2024-06-16,North,Chair,5,159.92,Store B,Wholesale,0.0,Carlos,799.5999999999999,Cash,SAVE10,0,REG101487,Cust 2905,10.86,2024-06-16,2024-06-23,Ryan,7,False,True
2025-01-28,Central,Monitor,13,447.34,Store A,Wholesale,0.05,Frank,5524.648999999999,Cash,SAVE10,0,REG101488,Cust 5777,38.93,2025-01-28,2025-02-04,Cameron,7,False,True
2024-11-27,South,Phone,13,196.8,Store B,Retail,0.1,Diana,2302.56,Cash,,0,REG101489,Cust 6695,10.12,2024-11-27,2024-12-07,Sophie,10,False,True
2024-07-21,West,Phone,16,183.62,Store A,Wholesale,0.05,Bob,2791.024,Gift Card,WINTER15,0,REG101491,Cust 7979,6.56,2024-07-21,2024-07-31,Wendy,10,False,True
2024-09-24,West,Monitor,17,527.68,Store B,Wholesale,0.0,Diana,8970.56,Gift Card,FREESHIP,0,REG101493,Cust 2516,29.19,2024-09-24,2024-10-02,Wendy,8,False,True
2025-01-14,East,Tablet,5,201.29,Store D,Wholesale,0.0,Carlos,1006.45,Online,FREESHIP,0,REG101494,Cust 6791,49.13,2025-01-14,2025-01-21,Eric,7,False,True
2024-07-27,East,Desk,1,272.5,Store A,Wholesale,0.0,Eva,272.5,Gift Card,WINTER15,0,REG101497,Cust 8981,35.56,2024-07-27,2024-08-03,Eric,7,False,True
2024-12-03,Central,Monitor,14,262.67,Store A,Retail,0.05,Carlos,3493.511,Gift Card,SAVE10,0,REG101498,Cust 1824,24.53,2024-12-03,2024-12-10,Cameron,7,False,True
